Extensión,Número de Repeticiones
gif,1986781
html,750366
,308430
xbm,110249
jpg,79638
pl,65304
txt,51483
mpg,44657
htm,22623
jpeg,12170
wav,6686
pl?imax,1116
pl?tisp,702
gov,602
pl?51-l,503
pl?sarex-ii,474
pl?sts-69,299
bmp,224
pl?sts-71,200
pdf,196
pl?sts-70,173
pl?mir-rendezvous,170
map,169
pl?winvn,160
pl?hercules,155
txt~,155
pl?challenger,154
pl?sts-73,149
bak,148
pl?gas,142
eps,128
pl?sts-74,128
pl?hst,119
perl,115
pl?maps,110
pl?icbc,100
pl?bric,99
com,95
pl?apollo+13,91
ksc,83
pl?apollo,78
pl?epics,76
bps,73
pl?sts-72,69
pl?edft-02,66
pl?dod,65
pl?oare,57
hmtl,53
pl?cgba,53
pl?galileo,53
pl?msx,53
pl?capl,52
pl?images,52
pl?mast,51
pl?intelsat-vi-rescue,49
pl?shuttle,48
pl?msx-02,47
pl?schedule,46
pl?msx-01,46
pl?sts-75,45
pl?cmix-04,45
pl?edo,44
pl?hubble,44
zip,43
pl?employment,42
htmll,40
pl?sarex,39
pl?sts-78,39
pl?amos,38
pl?tdrs-b,38
pl?dfi,36
pl?launch,36
pl?gro,36
pl?mir,36
pl?iml-2,35
pl?crista-spas,34
pl?pictures,34
pl?launch+schedule,33
pl?image,33
winvn,33
xb,32
pl?bds,32
htm1,31
pl?landing,31
pl?moon,31
92,30
pl?,30
htlm,30
pl?oms,29
art,29
pl?ssip,28
pl?spartan-204,28
pl?edft,27
pl?spacelab-j,26
pl?weather,26
pl?launch+dates,25
pl?acip,25
pl?cpcg,25
pl?pare,25
pl?cuseeme,23
93,22
90,22
91,22
pl?mahrsi,21
pl?jobs,21
pl?mpeg,21
pl?jupiter,21
pl?sts-77,20
pl?photo,20
pl?spacelab-1,20
pl?photos,20
pl?mars,20
pl?romps,19
pl?sts-76,19
pl?windex,19
pl?champ,19
htnl,18
pl?keplerian,18
txt%7e,18
pl?software,18
pl?eureca,17
pl?personnel,17
pl?chromex,17
shtml,17
pl?spacelab,17
pl?orbit,17
pl?sts-1,16
pl?columbia,16
pl?sts-63,16
doc,16
pl?sams,15
pl?safer,15
bak1,15
pl?launches,15
pl?cream,15
pl?earth,15
htmi,15
pl?tracking,15
gi,14
pl?cmix,14
pl?astro-1,14
pl?movies,14
pl?tours,14
gov%3a8501&caseflag=on&wordflag=on&errorflag=0&opaqueflag=on&descflag=on&verbose=on&maxresultflag=50,14
pl?video,14
pl?uars,14
pl?asem,13
pl?tss-1,13
pl?space+station,13
pl?dsp,13
pl?manifest,13
pl?space+shuttle,13
pl?ssce,13
"gif""",13
edu,13
pl?astronaut,13
pl?space+camp,12
pl?astronauts,12
pl?tv,12
pl?saturn,12
pl?discovery,12
pl?gif,12
pl?spacelab-d2,12
pl?allen,12
pl?voyager,12
pl?explosion,12
pl?atlantis,11
good,11
pl?planets,11
pl?picture,11
pl?saturn+v,11
pl?zymark,11
pl?cu-seeme,11
pl?bremsat,11
out,11
pl?srl-1,11
pl?palapa-b2,11
pl?usml-01,11
pl?apollo+11,11
pl?sam,10
pl?glo-2,10
pl?spartan,10
html1,10
pl?ufo,10
pl?movie,10
new,10
pl?usmp-2,10
pl?lidar,10
pl?rme-iii,10
pl?spas-01,10
ht,10
pl?eclss,10
pl?nasa+tv,10
pl?orbital+elements,10
exe,10
pl?avi,10
bad,9
pl?sts-65,9
pl?elements,9
pl?disaster,9
pl?magellan,9
pl?challanger,9
pl?lite-1,9
pl?space+walk,9
pl?sts-61,9
pl?eva,9
pl?ulysses,9
pl?canex-2,9
class,9
pl?hurricane,9
pl?spacelab-3,9
pl?o-ring,9
pl?rcs,8
pl?map,8
tx,8
pl?stl,8
pl?quicktime,8
pl?satcom-ku2,8
pl?apollo+and+13,8
pl?photographs,8
*,8
lists,8
pl?cse,8
pl?oderacs,8
pl?challenger+explosion,8
pl?ntv,8
pl?tle,8
pl?apu+and+anomaly,8
pl?status,8
news,8
pl?appolo,8
pl?challenger+disaster,7
countdown,7
pl?woodpecker,7
pl?launch+pass,7
pl?crista,7
pl?sts-34,7
hml,7
pl?apollo-13,7
pl?armstrong,7
pl?endeavor,7
pl?television,7
pl?training,7
pl?keps,7
pl?rme,7
pl?idge,7
pl?sts-67,7
pl?hubble+telescope,7
pl?lageos-ii,7
pl?jpeg,7
pl?sighting,7
pl?next+launch,7
pl?tdrs-a,7
pl?spacelab-d1,7
pl?phone,7
pl?job,7
pl?hpp-2,7
win3,7
pl?blast,7
pl?fde,7
pl?arabsat-1b,7
pl?apollo13,7
pl?sound,6
pl?oast-2,6
pl?columbia+launch,6
pl?next+shuttle+launch,6
pl?lightning,6
pl?shuttle+schedule,6
pl?shuttle+images,6
"html""",6
pl?aaeu,6
pl?spacelab-2,6
html),6
pl?gene+krantz,6
pl?spartan-1,6
89,6
pl?crawler,6
pl?calendar,6
pl?shuttle+launches,6
pl?51-b,6
pl?radio,6
old,6
pl?sts-68,6
pl?manned+manuvering+unit,6
pl?oms+and+rcs,6
pl?acts-tos,6
pl?patch,6
pl?osta-3,6
pl?sts-57,6
pl?accident,6
pl?lovell,6
pl?srb,6
pl?patches,6
software,6
pl?sightings,6
pl?adsf,6
pl?spacecamp,6
pl?mukai,6
pl?employment+opportunities,6
pl?docking,6
pl?enterprise,6
pl?susim,6
pl?sts-81,6
pl?swigert,6
avi,6
pl?viewing,6
pl?erbs,6
pl?iml-1,6
pl?mcc,5
pl?shoot,5
pl?launch+date,5
pl?koreasat,5
pl?satellite,5
pl?mattingly,5
dat,5
pl?sally+ride,5
pl?stp-01,5
pl?fuel+cells,5
pl?alpha,5
hyml,5
pl?aussat-2,5
html',5
pl?launch+schedules,5
pl?tdrs-c,5
pl?sts-64,5
pl?apolo,5
pl?morelos-b,5
pl?insat-1b,5
pl?shuttle+explosion,5
pl?spacelab-sls-2,5
pl?mobile+tracking,5
pl?missions,5
pl?mpess,5
pl?transcripts,5
pl?anik-c3,5
pl?win+vn,5
pl?liftoff,5
pl?clouds,5
pl?nizemi,5
pl?tdrs-f,5
pl?land,5
pl?tdrs,5
pl?uuencode,5
pl?education,5
pl?material,5
pl?concap-iv,5
pl?isaiah,5
pl?venus,5
pl?aussat-1,5
pl?view,5
pl?graphics,5
pl?sts71,5
pl?sbs-d,5
pl?atlas,5
pl?christa+mcauliffe,5
pl?appollo+13,5
pl?bdpu,4
pl?51-f,4
pl?lockheed,4
html%0d,4
pl?pcg-stes,4
pl?pcg-tes,4
pl?meteor,4
pl?lu2fcy,4
pl?mir+docking,4
pl?dates,4
pl?ssme,4
pl?ride,4
pl?sts,4
html#srb,4
pl?telstar-3c,4
pl?celss,4
pl?future+launches,4
pl?sts-27,4
pl?sonic+boom,4
pl?uvpi,4
pl?mercury,4
pl?human+resources,4
pl?keplerian+elements,4
pl?woodpeckers,4
pl?osta-1,4
pl?space+suit,4
pl?tour,4
hrml,4
html#sts-countdown,4
pl?jpg,4
pl?cfes,4
pl?audio,4
pl?magallanes,4
pl?spaceport,4
pl?cpgc,4
pl?ramses,4
pl?pilot,4
pl?shuttle+manifest,4
pl?osta-a,4
ps,4
pl?mas,4
pl?mpeg+viewer,4
pl?space,4
pl?sonic+booms,4
pl?sts-37,4
pl?earth+images,4
pl?hotels,4
pl?sts-2,4
pl?orfeus-spas,4
pl?vft-4,4
pl?oce,4
pl?earthrise,4
pl?teacher,4
pl?mpg,4
pl?apollo+1,4
pl?solspec,4
pl?mission+control,4
pl?ief,4
pl?sounds,4
pl?sts-3,4
pl?bstc,4
net,4
pl?mmu,4
pl?edomp,4
pl?computers,4
pl?houston,4
pl?gemini,4
orig,4
pl?coleman+and+cathrin,4
pl?acrim,4
pl?cost,4
pl?oss-1,4
pl?endeavour,4
pl?address,4
jpl,4
pl?track,4
pl?glomar,4
pl?vab,4
pl?kennedy,4
pl?pvtos,4
pl?nasa,3
pl?msl-2,3
pl?visitor,3
html#et,3
html%5d,3
pl?mouri,3
pl?sts-71+orbital+elements,3
pl?colombia,3
pl?apollo+12,3
pl?sir-a,3
pl?bonnie+and+dunbar,3
pl?launch+and+schedule,3
pl?gibson,3
pl?launch+and+dates,3
pl?leasat-3,3
gif>%20<li><a%20href=,3
pl?sedbergh,3
pl?kep,3
pl?stsplus,3
pl?shuttle+launch,3
pl?ius,3
pl?genekranz,3
gov&port=8500&timestamp=0&flag=,3
cf,3
pl?sts-33,3
html_backup,3
pl?spi,3
pl?edward+white,3
pl?gls,3
pl?spacewalk,3
pl?video+and+avi,3
pl?51-i,3
pl?delta,3
pl?launch%20schedule,3
pl?mpec,3
pl?weber,3
pl?manual,3
pub,3
pl?position,3
pl?shuttle+launch+dates,3
pl?mobility+unit,3
pl?satellites,3
pl?reflector,3
pl?usml-2,3
pl?viewer,3
pl?2-line+elements,3
pl?spaceborne,3
pl?diaper,3
pl?remote+sensing,3
pl?spas,3
pl?mcauliffe,3
pl?titan,3
tle,3
pl?usenet,3
pl?edwards,3
pl?future,3
pl?atlas+launch,3
pl?ipmp,3
pl?realtime,3
pl?gcp,3
pl?thrust,3
pl?omi,3
pl?cd+rom,3
pl?procurement,3
pl?frequency,3
pl?robotics,3
pl?rockets,3
pl?challenger+and+accident,3
pl?august+1995,3
pl?apcf,3
pl?chris,3
pl?vandenberg,3
pl?fire+department,3
pl?communications,3
pl?lem,3
pl?dxs,3
pl?chalanger,3
pl?iml-01,3
html#srb_mod_nozzle,3
pl?asc-1,3
pl?time,3
pl?shuttle+landing,3
pl?space+photos,3
himl,3
pl?challenger+and+disaster,3
pl?argentina,3
pl?oast-1,3
pl?au,3
pl?space+station+alpha,3
pl?usmp-1,3
html#sts_ov,3
nasa,3
htm#vidpics,3
pl?directory,3
pl?radio+frequency,3
pl?weight,3
pl?living+in+space,3
pl?career,3
pl?winvin,3
pl?locator,3
pl?simulator,3
shuttle,3
pl?plan,3
pl?grissom,3
pl?countdown,3
pl?hubble+images,3
pl?sts-4,3
pl?hydrogen,3
pl?nasa+select,3
pl?saturn+and+v+and+rocket,3
pl?biographies,3
pl?radio+frequencies,3
pl?russia,3
pl?leasat-5,3
pl?acronym,3
pl?tether,3
html#ius,3
pl?rlv,3
pl?email,3
pl?explorer,3
readers,3
pl?opf,3
pl?speedmaster,3
"map?44,104",2
pl?takeoff,2
pl?hydraulic+and+fluid,2
pl?misson+specialist+3,2
pl?water%2cspray%2cboiler,2
pl?shuttle+status,2
pl?bruster+and+shaw,2
pl?real+time+data,2
pl?sts+67,2
pl?apollo+missions,2
pl?schedule+and+1995,2
pl?calender,2
pl?general+and+services+and+administration,2
pl?gen+ser+adm,2
pl?escape+modifications,2
pl?kilburn,2
pl?%2f96,2
pl?hydraulic,2
pl?hydralic+fluid,2
pl?octw-01,2
pl?challenger+and+tragedy,2
pl?chalenger,2
pl?51-c,2
htw,2
pl?george+diller,2
h,2
pl?mccauliffe,2
pl?morelos-a,2
pl?ascent+display,2
pl?landing+time,2
pl?microgravity,2
pl?easter,2
pl?camp,2
pl?upcoming+launches+1995,2
pl?lps,2
pl?ldb+and+safing,2
pl?prime+contractor,2
pl?hyd,2
pl?shuttle+photographs,2
pl?computer,2
pl?cleave%2c+mary,2
pl?astronaut+,2
pl?mission,2
pl?sts69,2
pl?trajectory,2
pl?alan+phillips,2
pl?dead,2
pl?ccms,2
pl?tss,2
ttml,2
pl?sts-66,2
pl?sputnik,2
pl?sattelite,2
pl?condition+2,2
pl?erin,2
pl?daedalus,2
pl?capcom,2
pl?+video,2
pl?woman,2
pl?ockels,2
pl?passes,2
pl?apollo+program,2
pl?2nd+mir+docking,2
pl?o-rings,2
pl?sts-62,2
pl?pic,2
pl?tlc,2
pl?sts-48,2
pl?software+reliability,2
uk,2
pl?khb,2
pl?spaceport%20usa,2
pl?hubble+space+telescope,2
pl?extraterrestrial,2
pl?santiago+compostela+university,2
pl?blackhole,2
pl?apollo+and+computer,2
pl?playalinda+beach,2
pl?ibss,2
html#et-lox,2
pl?take+off,2
pl?%27,2
pl?shuttle+and+mir,2
pl?cds,2
pl?spdms,2
pl?tcms,2
pl?cite,2
pl?tethered+satellite,2
jsc,2
pl?christa,2
pl?sts+70,2
pl?july+13,2
pl?phone+number,2
pl?watch,2
pl?omega,2
pl?experiment,2
pl?experiment+8,2
"htm""",2
pl?thic,2
pl?pcc,2
pl?sppf,2
pl?photo+library,2
pl?ceramic%2c+composition,2
pl?wav,2
pl?resnick,2
html#sts-mps-ssme,2
pl?linenger,2
pl?gift,2
pl?sts-69+launch,2
pl?project+mercury,2
pl?shuttle+and+schedule,2
pl?sts-71+landing+time,2
pl?astronaut+selection,2
"map?240,111",2
pl?tufi,2
pl?wakeshield,2
pl?morrison,2
pl?boeing,2
pl?john+glenn,2
pl?night+launch,2
pl?mir+orbit,2
pl?resnik,2
htrml,2
pl?future+shuttle+launches,2
pl?visit,2
pl?hm,2
pl?orbits,2
pl?challenger+and+images,2
pl?external+tank,2
pl?cameras,2
pl?shoemaker,2
pl?sts-26,2
pl?transcript,2
pl?appollo+project,2
pl?sts+69,2
html#sts-ksc-srb,2
html#sts-wsb,2
pl?food,2
pl?root+morphology,2
protocols,2
html#sts-tdrss,2
pl?navy,2
pl?staff,2
pl?collins,2
pl?boyscout+flag+abord+endeavour,2
pl?viking,2
gif%3e,2
ntml,2
pl?korea,2
pl?orbital+and+elements,2
pl?two+line+elements,2
x,2
pl?history,2
pl?universe,2
pl?mlr,2
html#srb_mod_case_joint,2
pl?launch+time,2
html#sts-cron-70,2
html#sts-pogo,2
html#mes_count,2
pl?addresses,2
html#sts_coord,2
pl?mohri,2
pl?mori,2
pl?launch+manifest,2
pl?im,2
pl?sonny+carter,2
pl?sts-28,2
html#sts-ksc-towing,2
html#crew_compartment,2
html#sts-ksc-slf,2
pl?clementine,2
pl?earth+image,2
pl?apollo+,2
pl?apollo+15,2
pl?joe+prahl,2
pl?lunch+schedule,2
pl?jamison,2
pl?thermocouple,2
pl?mission+%26+times,2
pl?female,2
pl?job+opportunities,2
pl?caribbean,2
pl?mir+and+tle,2
pl?status+reports,2
pl?contingency+urine+collection+,2
pl?dact,2
pl?images%2cearth,2
pl?ir+images,2
pl?mode,2
pl?sts-59,2
pl?sighting+sts-71,2
pl?challenger+transcript,2
pl?window,2
pl?cape,2
pl?afe,2
pl?kepler,2
pl?current,2
gif:,2
pl?honeycutt,2
pl?evey,2
pl?skylab,2
pl?robot+arm,2
pl?hardware,2
pl?deke+slayton,2
pl?spider+web,2
pl?61-a,2
pl?technical+learning+center,2
pl?crippen,2
pl?press,2
pl?shuttle+tracking,2
pl?exodus,2
pl?gifts,2
pl?felix,2
pl%3fusmp-2,2
pl?amine,2
pl?pdf,2
pl?scully-power,2
pl?apollo+computer,2
pl?fire,2
pl?magallan,2
html-,2
pl?sally%20ride,2
pl?tempus,2
pl?state+vector,2
pl?safety,2
pl?palapa-b1,2
pl?sr-71,2
pl?tla,2
pl?newsreader,2
pl?bondar,2
pl?e-mail+addresses,2
pl?mamoru,2
pl?marital,2
pl?lap,2
pl?pdms,2
pl?imaging+spectrome,2
pl?shuttle+logo,2
pl?2-line,2
pl?ledesma,2
pl?next+mission,2
pl?appollo,2
pl?apollo11,2
pl?shuttle%20schedule,2
pl?school,2
pl?latitude,2
pl?tamim,2
pl?shuttle+and+luanch+and+watching,2
pl?launch+photo,2
pl?xte,2
pl?alien,2
pl?tss-2,2
pl?questions,2
pl?pathfinder,2
pl?appollo13,2
htmp,2
pl?win,2
pl?shuttle+tracking+programs,2
pl?seeme,2
pl?amateur+radio,2
pl?nasa+and+tv,2
pl?dee,2
pl?applications,2
pl?lageos,2
pl?tang,2
pl?minimum+and+mission+and+duration,2
pl?interim+and+problem+and+report,2
pl?crew,2
html#apu_mods,2
pl?saturn%205,2
pl?flight+path,2
pl?space+images,2
pl?space%20shuttle,2
pl?launch+photos,2
pl?sbs-c,2
pl?foote,2
pl?aces,2
pl?unmanned,2
pl?phcf,2
pl?apollo+13+and+movie,2
pl?tdrs-e,2
pl?charles+francois,2
pl?francois+and+charles,2
pl?imag,2
jpge,2
pl?documents,2
pl?leasat-2,2
pl?tracking+software,2
pl?voice,2
pl?shuttle+sighting,2
pl?mcnair,2
pl?hubble+photos,2
pl?john+young,2
pl?sts-71+veiwing+schedule,2
pl?space+center,2
pl?schedule+1996,2
pl?dock+and+shuttle,2
pl?stgt,2
pl?tli,2
pl?adobe+acrobat,2
pl?freq,2
pl?start,2
pl?lucid,2
pl?future+mission,2
pl?job+vacancies,2
pl?film,2
pl?winvn+software,2
pl?mailing+list,2
pl?mailing,2
pl?omrs,2
pl?qg-247,2
pl?roll,2
pl?mir+space+station,2
pl?tps,2
pl?sts-51l,2
pl?sts73,2
z,2
pl?61-c,2
htpl,2
g,2
pl?james+and+king,2
pl?apm,2
pl?spacelink,2
pl?fuel+and+vacuum+or+space,2
pl?flight+controls,2
pl?flight+deck,2
pl?satcom-ku1,2
pl?shuttle+and+launch+and+schedule,2
pl?x-15,2
pl?aadsf,2
pl?photograph,2
pl?european+space+agency,2
pl?tickets,2
pl?emu,2
pl?e-mail,2
pl?appolo+13,2
pl?msds,2
pl?live,2
pl?satilites,2
visitors,2
pl?stars,2
pl?fiber+optics,2
pl?msbls,2
pl?radar,2
pl?oim,2
pl?tcs,2
pl?october+1995,2
pl?earth+photographs,2
pl?gpc,2
pl?gift+shop,2
pl?select,2
pl?launch+and+pass,2
pl?vision,2
pl?mephisto,2
pl?dmos,2
pl?spacewalks,2
pl?press+release,2
pl?car+pass,2
pl?anik-d2,2
pl?organization,2
pl?servicing+and+aid+and+tool,2
pl?shuttle+photos,2
ktml,2
pl?mir%20and%20atlantis,2
pl?accidents,2
pl?neil+armstrong,2
pl?biosphere,2
pl?lift+off,2
pl?spacehab,2
pl?employment+and+opportunities,2
pl?solcon,2
pl?space%20station,2
pl?apollo+and+1,2
pl?august+launch,2
pl?date,2
htp,2
pl?wally,2
pl?wally+schrouder,2
pl?de-emo,2
pl?schoeder,2
pl?mir+tracking,2
pl?story+musgrave,2
pl?contractor,2
pl?cape+canaveral,2
pl?landing+site,2
pl?johnson,2
pl?keplarian+elements,2
pl?lauch,2
pl?logistics,2
pl?41-c,2
pl?bric-iii,2
pl?cockpit,2
pl?ov-102,2
pl?feynman,2
pl?ready,2
pl?glenn,2
pl?sts-7,2
pl?carpenter,2
pl?algranti,2
02,2
pl?shuttles,2
pl?harris,2
pl?tourist,2
pl?programs,2
pl?biography,2
pl?irt,2
pl?tld,2
comm,2
pl?ulrich+walter,2
pl?puerto+rico+picture,2
pl?communications+relay,2
pl?challenger+and+feynman,2
pl?nasa+news,2
pl?ov-100,2
pl?sts-89+and+neural+lab,2
pl?sts-87+and+us+mp4,2
pl?sts-89+neural+lab,2
pl?sts-89,2
pl?debris,2
pl?chiaki,2
pl?space%20calender,2
pl?41-g,2
sta,2
htmlhtml,2
pl?dumoulin,2
pl?tdrss,2
pl?public,2
pl?russian,2
pl?sts+71,2
pl?backpack,2
pl?rms,2
pl?interconnected+ground+system,2
pl?igs,2
pl?launch+and+date,2
pl?mail,2
pl?sts+and+overview,2
pl?s,2
pl?shuttle+and+observe,2
pl?cirris,2
pl?space+port,2
pl?visibility,2
pl?hydraulic+,2
pl?naval+medical,2
htmm,2
pl?telstar-3d,2
pl?mars+,2
pl?chal,2
pl?kranz,2
pl?shuttle+launch+schedule,2
hmml,2
pl?sts-79,2
pl?sex,2
pl?scarlett+and+millenium,2
pl?ally+and+ride,2
html#sts-dps-backup,2
pl?ftp,2
pl?spas-02,2
pl?tes-1,2
pl?wsb,2
pl?current+two-line+element+sets,1
pl?cbs+news,1
pl?earth+and+image,1
pl?keperlian+elements,1
pl?sts69+and+keperlian+elements,1
pl?sts69+and+orbital+elements+,1
pl?loreal,1
pl?photos+mars,1
pl?mars+photos,1
pl?sts-69--wsf-2+%26+spartan+201-03,1
pl?april+and+96,1
pl?elvis,1
pl?future+and+launch+and+schedules,1
pl?star+maps,1
pl?night+sky,1
pl?sr%26qa,1
pl?goodin,1
pl?cruden,1
pl?see-me,1
pl?shuttle+safety,1
pl?exploded,1
pl?tibbetts,1
pl?gfe,1
pl?mca,1
pl?mcaul,1
pl?sts+73,1
pl?%22shuttle+tile+adhesive%22,1
pl?tvc,1
pl?ponce+de+leon+inlet,1
pl?night+and+launch,1
pl?transportable+tracking+station,1
pl?nasa+and+logo,1
pl?full+motion+video,1
pl?challenger+accident,1
pl?apollo+flight,1
pl?john%20swigert,1
htmlt,1
pl?two+and+line+and+elements,1
pl?calander,1
pl?service%20module,1
pl?rodgers+comission+report,1
pl?launch+and+viewing,1
pl?to+date,1
pl?faying+surface,1
pl?fay,1
pl?hubble+and+picture,1
pl?f1+and+engine,1
pl?f1+and+saturn,1
pl?sts+79,1
pl?flight+schedules,1
pl?apollo+8++++++++++++++++++++++++++,1
pl?apollo+++++++++++++++++++++++++++++,1
pl?grissom+and+death,1
pl?grissom+and+fire,1
pl?grisson+and+fire,1
10,1
pl?pse,1
pl?mir+pictures,1
pl?hotel,1
pl?sa-503+saturn+v,1
pl?sts74,1
pl?panelphotos,1
pl?panel+photos,1
htlk,1
pl?sts+and+panel,1
pl?lunar+eclipse,1
pl?challneger,1
pl?saturn+5,1
pl?orbit+trajectories,1
pl?mission+plans,1
pl?unmanned%20spacecraft,1
pl?appollo++13,1
pl?174+miles,1
pl?ticket,1
pl?faying,1
pl?mir-18,1
pl?car,1
pl?tdrs-g,1
pl?sts70,1
pl?riley,1
pl?reilly,1
pl?d+a+reily,1
pl?presidental+commission,1
pl?sts+hubble,1
pl?gernhardt,1
pl?space+,1
pl?orbit+times+now,1
pl?orbit+times+july+1995,1
pl?orbit+times,1
pl?drawings+saturn+v,1
pl?sa-503,1
pl?launchdates,1
pl?apollo+13+review,1
pl?atlantis+and+mission,1
pl?chiaki++mukai,1
pl?toshiba,1
pl?laptop,1
pl?lst,1
pl?video+tracking+,1
pl?jscat%203%20atlas%2011%20as,1
pl?jscat%203,1
pl?tscat%203%20atlas,1
pl?tscat3,1
pl?tscat%203,1
pl?pegasus%20xl,1
pl?shuttle%20and%20launch,1
pl?space+station+1995+orbitsss,1
pl?satellite+maps,1
pl?open+times,1
pl?astrobee+d,1
pl?math,1
pl?space+aircraft,1
pl?total%2bsquare%2bfeet,1
pl?building+space,1
pl?square+footage,1
pl?sharon+christa+mc+caullife,1
pl?oge,1
pl?challenger+10,1
pl?musgrave,1
pl?musgrae,1
pl?lssp,1
pl?%22satellite+images%22,1
pl?satellite+and+images,1
pl?thagard,1
pl?vehicle+integration+building,1
pl?melnick,1
pl?readdy,1
pl?glen,1
pl?cooper,1
pl?worldview,1
vpy+and+vrml,1
vpy,1
pl?launch+site+support+plan,1
pl?harris+space+systems+corporation,1
pl?harris+telecommunicationscorporation,1
pl?harris+telecommunication,1
pl?personal,1
pl?harris+home+page,1
pl?satellite+and+maps,1
pl?launch+and+schedules,1
pl?patrick+afb,1
pl?patrick,1
pl?1995%20launch%20dates,1
02-bl-revf,1
pl?spacelab+launch+site+support+plan,1
pl?missouri,1
pl?51-l+kerwin+world+spaceflight+news,1
pl?thrust+s1v,1
pl?thrust+s%21v,1
pl?thrust+saturn,1
pl?51-l+astronaut+deaths,1
pl?regolith,1
pl?51-l+rescue,1
pl?nagel,1
pl?aiaa,1
pl?pao,1
pl?henricks,1
pl?flight+paths,1
pl?mcc+and+hardware,1
pl?calendar+events,1
pl?clock,1
pl?rick+coates,1
pl?shuttle+sonic+booms,1
pl?extended+duration+orbiter,1
pl?endeavour+%28ov-105%29,1
pl?lunar,1
pl?ov-106,1
pl?summer+program,1
pl?space%2flife+sciences+program,1
pl?apollo+18,1
pl?gis,1
pl?pohs,1
pl?killed,1
pl?lvo,1
pl?first+woman+astronaut,1
pl?woman+astronaut,1
pl?opportunities,1
pl?grumman+gulfstream+ii,1
pl?sta,1
pl?mir+18,1
pl?buzz+aldren,1
pl?buzz,1
pl?earth+picture,1
pl?earth+jpeg,1
pl?full+earth,1
pl?shuttle+booms,1
pl?shuttle+and+landing,1
pl?goes,1
pl?orbit+information,1
pl?sound+and+wav,1
cgi,1
htmli,1
pl?cu-see+me,1
pl?edt,1
pl?apollo+simulators,1
pl?ice+cream,1
pl?kepelarian+,1
pl?orbittrack,1
pl?mcdonnal+douglas,1
pl?multimedia,1
pl?lansat,1
pl?world+and+satelite,1
pl?world,1
pl?s71e000,1
pl?plant+space+biology,1
pl?plant,1
pl?orbital+parameters,1
pl?launchpad,1
pl?launchpad+locations,1
pl?data+and+sound+and+db+and+acoustic+and+launch,1
pl?sound+and+db+and+acoustic+and+launch,1
pl?sound+and+db+and+acoustic,1
pl?spacecraft,1
pl?db+acoustic,1
pl?nutrition,1
pl?data+launches+acoustic,1
pl?data+launches,1
pl?merheb,1
hjml,1
pl?booster,1
pl?orbital+elements+and+sts-70,1
pl?wernher+von+braun,1
13,1
pl?diaster,1
pl?maggie+bell,1
pl?goddard,1
pl?sts70+orbital+elements,1
pl?osta-2,1
pl?os2,1
pl?ibm,1
pl?at%26t,1
pl?att,1
pl?control,1
pl?pluto-planet,1
"pl?boc,environmental",1
pl?logos,1
pl?press+release+and+sts-70,1
pl?press+release+and+sts-71,1
pl?berry%2c+bob,1
pl?dunbar%2c+bonnie+sick+1995,1
pl?dunbar%2c+bonnie+sick,1
pl?dunbar%2c+bonnie+ill,1
pl?dunbar%2c+bonnie+1995,1
pl?dunbar%2c+bonnie,1
pl?windtunnel,1
pl?terminator,1
pl?saturn+and+5,1
pl?saturn5,1
pl?propellant,1
pl?aluminum,1
pl?fiberite,1
pl?standard,1
pl?specification,1
pl?castilow,1
pl?sts-71+landing,1
pl?ka-band,1
pl?touchdown,1
pl?sts-71+status,1
pl?shuttle+900+number,1
"map?186,285",1
"map?335,288",1
"map?334,283",1
pl?atlantis%2flanding,1
"map?186,290",1
pl?land+time,1
pl?challenger+monument,1
pl?fare,1
pl?ois,1
pl?kics,1
pl?ssp,1
pl?ssp30423,1
pl?call+sign,1
pl?qc,1
pl?cmqc,1
pl?apollo+launch,1
pl?lounch,1
pl?mir+pics,1
pl?murai,1
pl?esa,1
pl?other+agencies,1
pl?51-a,1
pl?conf,1
pl?tolerance,1
pl?launch+readiness+review,1
pl?project+review,1
pl?review,1
pl?moonwalks,1
pl?digital+images,1
pl?usspacecom,1
pl?monborne,1
pl?parachute,1
pl?michel+frey,1
pl?michel+cortes,1
pl?f-16xl,1
pl?fuel,1
pl?guard+position,1
pl?security+position,1
pl?channel+and+ois,1
pl?channel,1
pl?ron+mcnair,1
pl?astronaut+and+selection+and+shuttle,1
pl?apollo13+patches,1
pl?apollo+patches,1
pl?sunset,1
pl?shortwave,1
jp,1
pl?atlantis+visibility,1
html;,1
pl?astronaut+and+selection,1
pl?goals,1
pl?launch+support+ipt,1
pl?ipt,1
pl?13,1
pl?vision+and+plan,1
pl?names,1
pl?dock,1
pl?jack+osborn,1
pl?0752,1
pl?ksc+and+95ec+and+0752,1
pl?netware,1
pl?trans+lunar+injection,1
pl?800+number,1
pl?phone+information,1
pl?watch+shuttle+launch,1
pl?shoemaeker,1
pl?non-ast+performance,1
pl?ksc+form+1655,1
pl?forms,1
pl?s0007,1
pl?mission+specialist+and+space+shuttle,1
+ronald+mcnair,1
pl?director+of+nasa,1
pl?director,1
pl?lowvell,1
pl?shuttle+sightings,1
pl?61-b,1
pl?slayton,1
pl?thrust+%26+staturn,1
pl?thrust+%26+staurn,1
pl?launces,1
pl?hotline,1
pl?flyby,1
pl?public%20viewing%20area,1
pl?viewing%20and%20area,1
"map?320,134",1
pl?challenger+missions+after+1986,1
pl?challenger+missions,1
pl?shuttle+explode,1
pl?bowers,1
pl?software+download,1
pl?fuel+cell,1
pl?sts-47,1
pl?keplerian+sts+70,1
pl?aerial+images+of+ksc,1
pl?scramjet,1
pl?new+and+turbopump,1
pl?ssme+and+refurbishment,1
p1,1
pl?viewer+software,1
pl?movie+viewers,1
pl?explode,1
pl?life+support+,1
pl?photo%20and%20landing,1
pl?messier,1
pl?m1,1
pl?directory+images,1
pl?images+and+shuttle,1
pl?images+and+space,1
pl?sally+and+ride+and+biography,1
pl?launch+%2b+next,1
pl?launch+,1
pl?cordova%2c%20henry,1
pl?cordova,1
oms,1
pl?2+line,1
pl?launch+calendar,1
"jpeg?32,43",1
pl?media+coverage+radio,1
pl?shuttle+and+explode,1
pl?station+alpha,1
pl?ipr,1
pl?mass,1
pl?current+status+of+mission,1
pl?shuttle+mass,1
pl?digidesign,1
198,1
pl?sight,1
pl?aaa,1
pl?buran,1
pl?aluminum+and+lithium+and+2090,1
pl?casualties,1
pl?apollo+fire,1
html#sts-hydraulic,1
pl?plating,1
pl?%22sts+71%22+and+%22flight+path%22,1
pl?nasa+and+launches,1
pl?retired+personnel,1
pl?sts-70+ephemeris,1
pl?a,1
pl?sts-70+two+line+element+set,1
pl?two+line+element+set,1
pl?maclean,1
pl?canada+and+maclean,1
pl?canada,1
pl?supersonic+air+jets,1
pl?lifescience,1
pl?space+and+medicine,1
pl?minimum+and+duration,1
pl?pioneer,1
pl?mission+and+duration,1
pl?cu+see+me,1
pl?select+,1
pl?select+and+tv,1
pl?nasa+and+select,1
pl?cu-see-me,1
txt+keplerian,1
pl?tle+keplerian,1
pl?two+line+element,1
pl?payloads,1
pl?manned+and+mars,1
pl?ssto,1
pl?single+and+stage+and+orbit,1
pl?medium+and+launch+and+vehicle,1
pl?training+application,1
pl?biological,1
pl?astrounaut+program,1
pl?mecury+gif,1
pl?mhz,1
pl?tdris+and+sts-70,1
pl?job+service,1
pl?pub%2fwin3%2fwinvn,1
pl?berg,1
pl?pictures+and+gif,1
pl?shuttle+views,1
pl?ksc+and+tours,1
pl?press-to-ato,1
pl?shuttle+view,1
pl?home,1
pl?astron,1
pl?maryellen+weber,1
pl?sighting+opportunities,1
pl?plant+and+space,1
pl?space+biology,1
pl?sts-65+sarex,1
space,1
pl?block,1
pl?linka,1
pl?keps+sts-70,1
pl?siting,1
pl?shuttle+and+visibility+and+city,1
pl?woodpicker,1
pl?appollo11,1
pl?ground+crew+sts70,1
"map?363,124",1
"map?203,285",1
"map?203,280",1
"map?202,284",1
pl?teaching+space+k-12,1
pl?teaching+space,1
pl?sound%20and%20water%20and%20system,1
"map?445,139",1
pl?look+angles,1
pl?single+stage+orbit,1
pl?launch+september+1995,1
pl?launch+september,1
pl?tracking+station,1
pl?fire+fighters,1
pl?fire+prevention,1
pl?firemen,1
pl?appo,1
pl?jack+swigert,1
pl?nasa+mpeg,1
pl?life%20saver,1
pl?firblok,1
if,1
pl?soho,1
pl?radio+and+mhz,1
pl?radio+and+frequncies,1
pl?contracting,1
pl?shuttle+and+photo,1
pl?challenger%20accident,1
pl?downs,1
pl?intern,1
pl?nasa+tv+schedule,1
pl?scott+murray,1
pl?sts-70%2c+orbit%2c+ground+viewing,1
pl?sts-70%2c+orbit,1
pl?sts%2070%20status,1
pl?sts-71+and+mir,1
pl?schedule+and+future,1
html?,1
pl?video+advisory,1
pl?apollo1+3,1
pl?people,1
pl?sass,1
pl?jared+sass,1
pl?e-mail+,1
pl?medlock,1
pl?wilkinson,1
pl?weather+forecast,1
pl?lps+and+automatic+and+programmer,1
pl?automatic+and+programmer,1
pl?bar+coding+paper,1
pl?orbital,1
pl?echo+balloon,1
pl?demo,1
pl?scf,1
apollo,1
pl?co-op,1
pl?magic+frequencies,1
pl?safety+office,1
pl?safty,1
pl?next,1
pl?astronaut+biographies,1
pl?orlando,1
pl?flyover,1
pl?mission+controll,1
pl?tour+schedules,1
pl?blackbird,1
pl?x-29,1
pl?solar+and+sail,1
"map?22,19",1
pl?standard+and+practice,1
pl?alan+parrish,1
pl?pao+fax+number,1
pl?fax+numbers,1
pl?paragraph,1
pl?sts+51-l,1
pl?apollo+and+1+and+death,1
pl?vendor+and+tile,1
pl?ius+and+diagram,1
pl?netscape,1
%24%24%24,1
ini,1
pl?orbital+images,1
pl?saturn+picture,1
pl?hubble+saturn,1
pl?sts-70+and+orbit,1
htms,1
pl?shuttle+website,1
pl?shuttle+internet,1
pl?l51+img,1
pl?live+video,1
pl?l+video,1
pl?lvideo,1
pl?lunar+rover,1
pl?calcium+and+blood,1
pl?istat,1
pl?i-stat,1
pl?blood,1
pl?current+astronauts,1
pl?sts70+tracking,1
pl?sts70+viewing,1
pl?ed+white,1
pl?public+affairs+fax+number,1
pl?%22mission+control+center%22,1
pl?mission+and+control+and+center,1
pl?wa3nan,1
pl?shuttle+and+tle,1
"map?245,241",1
pl?space+shuttle+home+page,1
pl?apollo+5,1
pl?voyager+6,1
pl?sea+of+shadows+moon,1
pl?sea+of+shadows,1
pl?launch+diary+august,1
pl?diary+august,1
pl?diary,1
pl?xl2,1
pl?keplarian,1
pl?shuttle+www+first,1
pl?discovery+and+sightings,1
+and+human+and+space+and+flight,1
pl?apollo+video,1
pl?armenia,1
pl?tdrs+todays+status,1
pl?prices,1
pl?directions,1
pl?press+kits,1
pl?ems,1
pl?nasa+tv+coordinates,1
pl?apollo+and+location,1
pl?rfp,1
pl?employment+and+contrctor+and+job+,1
pl?employment+contrctor+job+,1
pl?mission+and+control+and+center+and+jsc,1
pl?%22new+mission+control+center%22,1
pl?sts+launch+dates,1
pl?future+shuttle+launch,1
pl?future+launch,1
pl?december,1
pl?sts-35,1
pl?element+set,1
pl?epheheris,1
pl?maps+tampa+bay,1
winvr,1
pl?sts-42,1
pl?uu,1
pl?11,1
pl?lightning+data,1
pl?lightnind+data,1
pl?nlds,1
pl?city+and+sightings,1
pl?sts-70+and+keplerian,1
pl?lunar+module,1
pl?challeger,1
pl?shuttle+images+request,1
pl?galileo%2fida,1
pl?galilei,1
pl?winvim,1
pl?winvm,1
pl?internet+and+atlantis,1
pl?sati*,1
pl?satilite,1
pl?hrsgs-a,1
pl?ranger,1
pl?ida,1
pl?mission+and+shuttle+and+summaries,1
pl?dps,1
pl?cape+canaveral+air+force+station,1
pl?air+force+station,1
html%29,1
pl?nps,1
pl?harry+butowsky,1
pl?challenger+wreckage,1
pl?wreckage,1
pl?shuttle+explosion+challenger,1
pl?sts-70%20status%20report%20,1
pl?lpg,1
pl?galilao,1
pl?satelite+immages,1
pl?(kempler%20elements)%20and%20(sts70),1
pl?kempler%20elements,1
pl?shuttle+blueprints,1
pl?2+line+elements,1
pl?lunar+images,1
pl?sighting+oppor,1
pl?orbit+elements,1
pl?illness,1
pl?haise+illness,1
pl?images+of+challenger,1
pl?images+of+indonesia,1
pl?indonesia,1
pl?indonesian+images,1
pl?satalites+viewing,1
pl?satalite+tracking,1
pl?fly+over,1
pl?mcmonagle,1
pl?roll-out,1
hlt,1
pl?sikorsky,1
pl?september+1995,1
pl?mission+and+summar%21,1
pl?landing+and+time,1
pl?fire+white+gus,1
pl?gus+gr,1
pl?gus,1
pl?eva+photos,1
pl?fire%20inspectors,1
pl?fireworks,1
pl?sts70+crew,1
pl?exined,1
query,1
pl?sts+70+jul+17,1
pl?turo,1
pl?current+orbit,1
pl?lowell,1
pl?sarex%20sts-70,1
pl?tdrss-g,1
pl?employ,1
pl?landing+time+sts-71,1
pl?krants,1
pl?sts27,1
pl?astronaut+and+michigan,1
pl?apollo+and+michigan,1
pl?shuttle+and+eva,1
pl?british,1
pl?britisg,1
pl?sts-70+acoustic+data,1
pl?nadia+howell,1
pl?howell+nadia,1
pl?velocity+and+apollo+11,1
pl?velocity,1
pl?nih,1
pl?physics+of+toys,1
pl?shuttle+lunar,1
pl?orbit+planets,1
pl?tif,1
pl?satalite,1
pl?conestoga,1
pl?dimensions,1
pl?ccs,1
pl?listserv+and+webmasters,1
pl?listserv+and+www,1
pl?listserv,1
pl?galireo,1
pl?horses,1
pl?shuttle+june+12%2c1995,1
pl?sta-70%20and%20sarex%20and%20frequencies,1
pl?sighting++sts-70,1
pl?sightings++sts70,1
pl?smsp-3,1
pl?window+opening,1
pl?expert+systems,1
pl?dc-x+and+ssrt,1
pl?russians,1
"map?57,205",1
"map?62,178",1
"map?54,172",1
pl?keplar,1
pl?oast+flyer,1
pl?oast-flyer,1
pl?western+carolina+university,1
pl?nih%20and%20payload%20and%20sts-69,1
pl?nih%20and%20payload,1
pl?lviewpro,1
pl?status+and+report,1
pl?how+to+sighting+sts-71,1
pl?+new+york+sighting++sts-70,1
pl?challenger+and+crew+and+transcripts,1
pl?challenger+and+transcript,1
pl?challenger+and+crew,1
pl?fredick+hauck,1
pl?florida+images,1
pl?deactivation,1
pl?dem,1
pl?digital+elevation+map,1
pl?aviation,1
pl?remote+sensing+imaging+terrain+land+radar+dem+elevation,1
pl?imagery%2c+terrain%2c+land+cover%2c+data,1
pl?terrain,1
pl?hal%2fs,1
mir,1
pl?tulsa,1
pl?nasa+photo+hurricanes,1
pl?branch,1
pl?spacephotographs,1
pl?pathfinder%2cmars,1
pl?job+apportunities,1
pl?pictures%2ceast+coast,1
pl?memorial,1
pl?oklahoma,1
pl?joseph+edwards,1
pl?lopez-alegria,1
pl?edward+and+white,1
pl?orbit+simulat,1
pl?challenger+reports,1
pl?calend,1
pl?shuttle+calender,1
pl?shuttle+discovery,1
pl?opollo13,1
pl?mps+and+ssme,1
pl?sts44,1
pl?stf44,1
pl?satelite+images,1
pl?nuwc,1
pl?photo+galery+sts-70,1
pl?acoustic+and+data+and+shuttle+and+launch,1
pl?megallan,1
pl?mcdivitt,1
pl?white+and+mcdivitt,1
pl?hydrazine+leak,1
pl?actual+shuttle+mission,1
pl?claude+nicollier,1
pl?virus+checker,1
pl?virus,1
pl?viewing+and+orbit,1
pl?viewing+mir,1
pl?template,1
pl?100th+and+flight,1
pl?ast,1
pl?michigan,1
pl?kraft,1
pl?pdp,1
pl?tuerto,1
pl?venado,1
htmlhppt:,1
htmhppt:,1
pl?shuttle+and+sighting,1
pl?earch+image,1
pl?endeavor+orbiter,1
pl?christy,1
pl?meteorolgy,1
pl?musgrave%2c+story,1
pl?arizona,1
pl?europe+image,1
pl?mission+pictures,1
pl?sts-44,1
pl?compuserve,1
pl?joe+prahl+picture,1
pl?employment+,1
pl?traject,1
pl?thomas,1
pl?silicon+graphics,1
pl?wind,1
pl?mission+51-a,1
pl?female+specialist,1
pl?moro++++++++clementine,1
pl?earth+,1
pl?mosquito,1
pl?astronaut+memorial,1
pl?mono-methyl+hydrazine+reaction+with+citric+acid,1
pl?ksc+memorial,1
pl?space+memorial,1
pl?sonny+carterflight+sim,1
pl?flight+sim,1
pl?mono-methyl+hydrazine%2c+citric+acid,1
pl?williams,1
pl?mono-methyl+++hydrazine,1
pl?momo-methyl+++hydrazine,1
pl?flight+planning,1
html#sts-ksc-hmcf,1
html#sts_sleep,1
html#sts-oas,1
html#sts-etsep-sys,1
html#sts-ksc-phsf,1
html#sts-oalt,1
html#sts-gnnc-indicators,1
html#stsover-stdn,1
html#sts_status,1
pl?ground%20tracking%20plotting,1
"""",1
pl?usspacecom%20two%20line%20mean%20element%20set,1
pl?sts-70%20state%20vector,1
pl?apollo+and+moon,1
pl?orbital%20elements,1
pl?diagrams,1
html#sts-gnnc-flap,1
html#stsover-mgtnsts,1
html#srb-posts,1
html#sts-lc39-ssws,1
html#sts-seads,1
html#sts-prelaunch,1
html#mes_on_orbit,1
html#stsover-humb,1
html#sts-jsc-offsite,1
html#sts-eclss-air,1
html#sts-cron,1
html#stsover-rpbs,1
html#stsover-landing,1
html#stsover-prelnlcc,1
html#mes_ato,1
html#spacelab-pallet-ecs,1
html#stsover-vpfs,1
html#stsover-landop,1
html#sts-mps-et,1
html#sts-ksc-gas,1
html#sts-cron-77,1
html#sts-gnnc-control,1
html#sts-oms-he,1
html#sts_fuselage,1
html#stsover-plan,1
html#sts-nstl,1
html#et-lh2,1
html#stsover-log,1
html#sts_sys,1
html#stsover-mlp,1
html#sts_asm,1
html#sts-acronyms,1
html#sts_sightaids,1
html#spacelab-ips,1
html#sts-oms-abort,1
html#stsover-launch-3,1
html#ssme_mods,1
html#sts-ksc-srb-retrieval,1
html#ov_turnaround,1
html#ius-support,1
html#stsover-spaccom,1
html#sts_dining,1
html#stsover-omuu,1
html#sts-gnnc-rudder,1
html#sts-gnnc-trim,1
html#sts-rcs-feed,1
html#mes_rtls,1
html#stsover-letf,1
html#stsover-astrot,1
html#ius-srm,1
html#stsover-prelnfinal,1
html#sts_mods,1
html#sts-cron-84,1
html#sts-pcmmu,1
pl?shuttle+and+accident+and+discovery,1
html#sts-lc39,1
html#sts-oms-propellant,1
html#stsover-cargomse,1
html#sts-cron-88,1
pl?shuttle+and+accident,1
html#spacelab-electrical,1
html#sts-cron-81,1
html#aft_fuselage,1
html#stsover-mpaccom,1
pl?art,1
pl?voyager+graphics,1
pl?71+and+status,1
pl?71,1
pl?shuttle+and+elements,1
pl?bonnie+dunbar,1
pl?acceleration,1
pl?particles,1
pl?aluminium+,1
pl?aluminiumandoxideandparticles,1
pl?aluminium+and+oxide+and+particles,1
pl?aluminium+oxide+particles,1
pl?voyager+images,1
html#stsover-mgtldp,1
html#sts-dds,1
pl?voyager+payload,1
html#sts-oms-rcs-gauging,1
html#sts-oms-rcs-interconnect,1
html#stsover-burn,1
html#sts-lc39-fss,1
html#centers,1
html#ius-rcs,1
html#sts-oms-etca,1
html#sts_slm,1
html#stsover-tracksn,1
html#sts-ksc-pcr,1
html#sts-ksc-et,1
html#sts_egress_slide,1
html#mes_entry,1
html#spacelab,1
html#sts_cassette,1
html#et-safety,1
html#stsover-chron,1
html#sts-lc39-h2,1
html#sts_inflight_egress,1
html#sts-msfc,1
html#sts-gcil,1
html#sts-gear-main,1
html#sts-light,1
html#sts_air_quality,1
pl?helium+3,1
html#imu_mods,1
html#stsover-ees,1
html#stsover-pocc,1
html#sts-dps-bus,1
html#sts-gnnc-rtm,1
pl?tail+service+mast,1
pl?curso2,1
html#sts-rcc,1
html#sts-mps-tvc,1
html#sts-cron-80,1
html#srb-sep,1
html#fuel_cell_mods,1
html#stsover-opf,1
html#sts-dds-g-meter,1
html#sts_bio,1
html#mes_insertion,1
html#sts-ksc-ccafs,1
html#stsover-manifest,1
html#sts-jsc-testing,1
html#stsover-cargo,1
html#sts-cron-85,1
html#sts-eclss-aps,1
html#sts-mps-mal,1
html#sts-subs,1
html#sts-rcs-engines,1
html#sts-gnnc-brake,1
html#srb_mod_gse,1
html#ius-structure,1
html#srb_mod_compare,1
html#sts-rcs,1
html#mes_1st_stage,1
html#launch_sites,1
html#gpc_mods,1
html#wing_mods,1
html#ius-sequencer,1
html#stsover-crewserv,1
html#sts-ksc-vpf,1
html#sts-cctv,1
html#mes_2nd_stage,1
html#stsover-acronyms,1
pl?reese%2c+paul,1
html#stsover-spacelabint,1
html#ius-gse,1
html#sts-oms-seq,1
html#sts-pdr,1
html#sts-uhf,1
pl?sts-70%20and%20uniform%20logo,1
html#mes_ascent,1
pl?sts-70%20and%20patch,1
html#stsover-tank,1
html#midbody_mods,1
html#sts-oms-fault,1
html#sts-teleprinter,1
html#spacelab-thermal,1
html#sts-cron-74,1
html#stsover,1
html#spacelab-mmu,1
html#sts-rcs-pressure,1
pl?launch+info,1
html#sts-oms-gimbal,1
html#sts-rcs-monitor,1
pl?tang%2cphil,1
html#stsover-srbdisasm,1
html#oms_mods,1
html#stsover-orbit,1
html#srb_mod_contigency,1
html#srb_mods,1
html#srb_mod_propellant,1
html#sts_restraints,1
html#stsover-prep,1
pl?uniform%20patch,1
html#sts-dds-push-button,1
html#stsover-trackgdn,1
pl?bolivia,1
html#sts-jsc-mocr,1
html#srb-rga,1
html#sts-eclss-thermal,1
html#sts-gnnc-ads,1
html#stsover-srbsupress,1
html#sts-inst-gpc,1
html#et-tps,1
html#sts-deploy,1
html#sts-nsp,1
html#sts-fuel-cell,1
html#sts-gear,1
html#airlock,1
html#sts-ovcomm,1
+gram%22,1
+gram,1
html#stsover-oaa,1
html#sts-cron-78,1
html#sts-eps-prsd,1
pl?telemedicine+and+gramms,1
html#sts-ksc-life,1
html#stsover-ovent,1
html#sts-rcs-selection,1
html#sts-cron-72,1
html#sts-mads,1
pl?launch+and+data,1
pl?telemedicine,1
pl?s2000,1
html#stsover-mgt,1
html#sts-jsc-support,1
pl?mil-std-461c,1
html#sts-jsc-mcsa,1
html#spacelab-module,1
html#sts-mps,1
html#sts-afrsi,1
html#sts_display,1
html#sts-gnnc-aero,1
html#sts-flag,1
html#spacelab-cdms,1
html#mes_aoa,1
html#sts-acip,1
html#sts-gsfc,1
html#spacelab-pallet,1
html#sts-gnnc-altimeter,1
html#sts-mtu,1
html#sts-inst,1
html#mes_checkout,1
html#sts-ksc-ov-mating,1
html#et-hw,1
pl?solid,1
pl?vcap,1
pl?turner,1
pl?aluminium+oxide,1
pl?sts-71+and+status,1
pl?solid+fuel,1
pl?rocket+fuel,1
pl?suve,1
pl?hmp,1
pl?library,1
html#steer_mods,1
html#ato_abort,1
html#sts-umbilical-doors,1
html#gas_program,1
html#sts_housekeeping,1
html#sts-dps-crt,1
html#sts-inst-exp,1
html#sts_stowage,1
html#sts-epdc,1
html#sts-oms,1
html#sts_photo,1
html#sts-jsc-comm,1
html#windows,1
html#sts-msfc-pocc,1
html#spacelab-dds,1
html#stsover-ps,1
pl?mil-std-461c+and+cs02,1
html#sts-hrap,1
html#sts-cron-82,1
pl?landing+path,1
pl?%22corey%22,1
pl?shuttle+graphics+pict,1
pl?flight+path+to+earth,1
pl?shuttle+graphics,1
pl?%22todd+corey%22,1
pl?todd+corey,1
pl?crawler+transporter,1
pl?truck,1
html#stsover-omshtr,1
html#t-01m00s,1
html#sts_body,1
html#stsover-launch,1
html#sts-comm,1
html#stsover-mcc,1
html#sts-metric,1
pl?images+and+earth+and+florida,1
pl?images+and+earth,1
pl?appollo+13+launch+of+1967,1
pl?all+appollo+missions,1
pl?teta,1
pl?all+1967+launches,1
pl?appollo+13+mission,1
pl?argentine,1
pl?command+module,1
pl?galaxy,1
pl?images+and+mail,1
pl?freon,1
"html?410,198",1
pl?dale+corey,1
pl?mcgonigle,1
pl?huckabee,1
pl?shuttle%20launch%20sites,1
pl?personel,1
pl?biograph,1
pl?bio,1
pl?sts-71%0d,1
pl?cu+seeme,1
pl?link,1
pl?matthews,1
html_,1
pl?gerilla,1
pl?guerilla,1
pl?vandenberg%20and%20shuttle%20launch,1
pl?acts,1
pl?space+imagery,1
pl?ksc,1
pl?download,1
pl?safety+and+quality,1
pl?little+joe,1
pl?nusat,1
pl?visible,1
pl?space+and+telescope,1
pl?next+and+launch+and+shuttle,1
pl?shuttle+and+launch+and+schedule+and+1995,1
pl?shuttle+and+schedule+and+1995,1
pl?et,1
pl?gal,1
pl?sacco,1
pl?slides,1
pi?imax,1
pl?commander,1
pl?view+of+earth,1
pl?shoemaker-levy+comet,1
pl?solid+rocket+booster,1
pl?one+hundred+rules+for+nasas+project+managers,1
pl?one+hundred+rules,1
pl?lichtenberg,1
pl?gerry+morrison,1
pl?brekke,1
pl?vector+shuttle,1
pl?hoot+gibson,1
pl?bose+einstein,1
pl?sts-51l+movies,1
pl?sts+48,1
pl?glenn+and+orbit,1
pl?shop,1
pl?shopt,1
pl?2+meters,1
pl?safety+and+quality+and+conference,1
"map?220,99",1
"map?356,210",1
"map?222,221",1
"map?198,222",1
"map?376,223",1
pl?huble,1
pl?sts-8,1
pl?photo+and+satelite,1
pl?photo+and+moonwalk,1
pl?nancy+currie,1
pl?currie,1
pl?current+temperature,1
pl?cabin,1
pl?decker,1
pl?atm,1
pl?corey,1
pl?sts-5,1
pl?fusion,1
pl?blueprint,1
pl?mpegs,1
pl?sts-71+and+landing+and+time,1
pl?sts-71+schedule,1
pl?times,1
pl?demos-la,1
pl?demos,1
"map?13,16",1
pl?july+4th%2c+1995,1
pl?orbit+coordinates,1
pl?bibliographic+armstrong,1
pl?bibliographic+astronauts,1
"map?22,16",1
"map?196,286",1
pl?lms,1
cgi?room=its_up_to_you_hot_chat,1
pl?sts-70+and+schedule,1
cgi?room=girl_meets_girl_for_hot_chat,1
pl?51-d,1
pl?object+and+elevator,1
pl?satellite+and+photo,1
pl?mercury+space+program,1
pl?zip%20codes,1
pl?sts70%20landing,1
pl?avro+arrow,1
pl?earth+and+rising,1
pl?nasa%20tv,1
pl?orbital+elements+or+keplerian+or+keps,1
pl?gps,1
pl?alaska+air,1
pl?pictures+shuttel+launch,1
pl?booster+failure,1
pl?schedules,1
pl?copyright+and+law+and+government+and+images+and+copying,1
pl?copyright+and+government+and+images+and+copying,1
pl?copyright+and+government+and+images,1
pl?copyright+and+government,1
pl?copyright,1
html#sts-newsref,1
pl?intercourse,1
pl?slayton%2c+deke,1
pl?apu+and+62,1
pl?earth+phottos,1
pl?apu,1
pl?srp,1
htmml,1
pl?equipment,1
pl?sound+barrier,1
pl?+personnel,1
pl?allaman,1
pl?klepper,1
pl?september%20'95%20launch%20schedule,1
pl?experiment+and+8,1
pl?3490,1
pl?12-571-3570,1
pl?nasa+and+14-307-1792,1
pl?14-307-1792,1
pl?saturn+v+rocket+drawings,1
pl?saturn+drawings,1
pl?black+holes,1
pl?creative,1
html#mes_deorbit,1
pl?grand+canyon+picture,1
pl?grand+canyon+image,1
pl?grand+canyon,1
pl?leasat-1,1
pl?earthpicture,1
pl?meter,1
pl?sts-70+status,1
pl?saturn+and+v,1
pl?sundry,1
pl?columbia+space+shuttle,1
pl?yeager%2c+chuck,1
pl?conrad,1
pl?edwards+landing,1
pl?orbit+,1
pl?sts1,1
pl?1978,1
"map?57,71",1
"map?200,284",1
"map?384,207",1
pl?galileu,1
html#gear_mods,1
html#sts_program,1
html#rtls_abort,1
html#aoa_abort,1
pl?fax,1
pl?earth+and+picture,1
pl?next+and+launch,1
pl?radio+communications,1
pl?x1,1
pl?photos+and+gif,1
pl?ts-72,1
pl?ts72,1
pl?%22habitat%20maps%22,1
pl?%22map%22,1
pl?flightdeck,1
pl?compartment,1
pl?nebula,1
pl?merritt+island+beach,1
pl?merritt+island,1
pl?playalinda,1
pl?ellen+ochoa,1
htm%3ethis,1
htm%3euplink,1
pl?wilson,1
pl?dale+gardner,1
pl?pinto,1
pl?beyer,1
pl?original+apollo+crew,1
pl?challenger+accident+commision,1
pl?challenger+accident+cause,1
pl?moon+geogrpahy,1
pl?flight+software,1
pl?shuttle+landing+simulator,1
pl?next+shuttle+mission,1
pl?shuttle+picture,1
pl?next+shuttle+lanch,1
pl?flame,1
pl?personnel+and+job+and+listings,1
pl?job+and+listings,1
pl?employment+and+hiring,1
pl?personnel+and+office,1
pl?personnel+and+hiring+and+jobs,1
pl?personnel+hiring+jobs,1
pl?personnel+hiring,1
pl?contractors,1
pl?heading+alignment+circle,1
pl?heading+alignment,1
pl?hac,1
pl?explorer+shuttle,1
pl?stsorbit,1
pl?cosmosphere,1
pl?phenomena,1
o,1
pl?hubble+jpeg+images,1
pl?santiago+and+university+and+spain,1
pl?hubble+and+images,1
pl?picture+,1
pl?picture+joe+prahl,1
pl?viewing+a+launch,1
pl?mccandless,1
pl?surveyor+and+mission,1
pl?surveyor,1
pl?sts%3d69,1
pl?space+travel,1
pl?shutlle,1
pl?costs,1
pl?6,1
pl?mission+6,1
pl?apollo+6,1
pl?weather+info,1
pl?eclipse-hab,1
thml,1
pl?catalog,1
pl?gift%20gantry,1
pl?gemini+photographs,1
pl?barrows,1
pl?launch+and+schedule+and+kennedy+and+1995,1
pl?water+rockets,1
pl?shutle,1
pl?kennedy+space+center+public+tours,1
pl?public+tours+with+space+center,1
pl?family+tours,1
pl?mov,1
pl?batteas,1
pl?tunneling+microscopy,1
pl?mov%20or%20avi%20files,1
pl?orbital+track,1
pl?shuttle+and+movie,1
pl?radio+and+frequency,1
pl?map+location,1
pl?sound+recording,1
pl?b%26k,1
pl?astronaut+applications,1
pl?apollo+cm+sm,1
pl?astronaut+program,1
pl?saturn+5+rocket,1
pl?gwendolyn,1
pl?gwen+,1
pl?gwen+griffin,1
pl?shareware,1
pl?f16,1
pl?booster+damage,1
html#sts-cron-86,1
pl?itepc,1
pl?software+analysis,1
pl?reliability+software,1
pl?reliability,1
pl?launch+and+schedule+and+kennedy+and+1995+and+upcoming,1
pl?schmidt,1
+howard,1
pl?ksc-11582,1
pl?robert+howard,1
pl?vortex-shedding,1
pl?sts-69+and+patch,1
pl?launch+viewing,1
pl?support+organizations+,1
pl?organizational+chart,1
pl?unmanned+flights,1
pl?asking+questions,1
pl?satellittes,1
pl?vand,1
pl?tyndall,1
pl?sparkle,1
pl?shuttle+and+manifest,1
pl?launch%20november%201995,1
pl?spacelab+and+picture,1
pl?cost+of+a+misson,1
pl?present+location,1
pl?nov+1995,1
pl?atlantis+mir,1
pl?november+launch,1
pl?radio%20frequency,1
pl?search,1
pl?2ns+mir+docking,1
pl?probability+accident,1
pl?risk+survival+probability+life+mission+accident,1
pl?risk+survival+probability+life+mission,1
pl?risk+survival+probability+life,1
pl?risk+survival+probability,1
"pl?schmidt,+gregory",1
pl?sate,1
pl?lightning+and+aircraft,1
pl?imax+movies+of+post-challener++shuttlemissions,1
pl?apollo+and+diagram,1
pl?nascom,1
pl?dis,1
pl?sglt,1
pl?nasa+vt,1
pl?shuttle%20mission%20review,1
pl?shuttle%20mission%20patches,1
pl?shuttle%20astronauts,1
pl?space%20shuttle%20astronauts,1
pl?space%20shuttle%20missions%20astronauts,1
pl?shuttle%20missions%20list,1
pl?sts%20list,1
de,1
pl?landing+dates,1
pl?center+operations,1
pl?organizational+structure,1
pl?comptroller,1
pl?administrative+,1
pl?administrative+support,1
pl?base+operations+contract,1
pl?base+operations,1
pl?cpic,1
pl?vector,1
pl?mission+analysis,1
pl?european+agency+address,1
pl?european+address,1
pl?europea+address,1
pl?european+agency,1
pl?orbit+mechanics,1
pl?space+station+popula,1
pl?ccc,1
pl?doppler,1
pl?lunar-landing-module,1
pl?lunar+landing+module,1
pl?daedalus+multispectral+scanner,1
pl?airborne+remote-sensing,1
pl?airborne-remote-sensing,1
pl?remote-sensing,1
pl?f-1+rocket,1
pl?fitz,1
pl?pcp+and+ius,1
pl?luna,1
pl?launch+video,1
pl?timeline,1
pl?atlas+centaur,1
pl?craig,1
1,1
pl?probability+survival,1
pl?survival,1
pl?probability,1
pl?statitics,1
pl?pc+software,1
pl?software+mpeg,1
pl?mpeg+player,1
pl?sts72,1
pl?shuttel,1
pl?lawson,1
pl?sts71-mission,1
pl?iecm,1
pl?+schedule,1
pl?hitchhiker,1
pl?ipr%27s+and+pr%27s,1
pl?seminar%2c+applications%2c+efficient+operations%2c+lower+cost,1
pl?news,1
pl?approach+and+landing+test,1
pl?atlas+and+launch,1
pl?bellows,1
pl?updates,1
pl?august,1
pl?take-off,1
pl?gift+gantry,1
pl?gift+gal,1
pl?dream+is+alive,1
pl?space+shuttle+capacity,1
pl?space+shuttle+and+moon,1
pl?lanch,1
pl?bogue,1
pl?apollo+and+drawings,1
pl?apollo+and+plans,1
pl?mars+jpg,1
pl?voyager+and+mars,1
pl?dynamic,1
2,1
pl?galveston,1
pl?cdrom+and+apollo,1
pl?cdrom+and+apollo+and+purchase,1
pl?cdrom+and+purchase,1
pl?apollo+landing+sites,1
pl?easter+island,1
pl?compoter,1
pl?phones,1
pl?keenan,1
pl?corrosion,1
html(2k),1
pl?micheal+collins,1
pl?hours,1
pl?plants+and+1995,1
pl?quasars,1
pl?fep,1
pl?safing,1
pl?safing+sequence,1
pl?o-ring+and+sts-70,1
pl?front+and+end+and+processor,1
pl?o+ring+seals,1
pl?hardwire+and+safing,1
gsfc,1
pl?hubble+and+repair,1
pl?surveyor+3,1
pl?apollo+and+landing+and+sites,1
pl?atlantis+and+columbia+and+endevour,1
pl?orbiter+and+fleet,1
pl?orbiter+and+name,1
pl?vandenburg,1
pl?space+shuttle+schedule,1
pl?presskit,1
pl?zip,1
pl?night,1
pl?andy+pickett,1
pl?omrsd,1
pl?mask+and+protective+and+physiology,1
pl?mask+protective+physiology,1
pl?protective+mask,1
pl?natural+gas,1
pl?upcoming+launches,1
pl?employees,1
pl?keyword,1
pl?status%20report,1
pl?snj,1
pl?aldrin,1
pl?image+and+mars,1
pl?cdrom,1
pl?radiation+effects,1
pl?chlanger,1
pl?quicktime+movie,1
pl?+sightings,1
pl?earth+sightings,1
pl?moonwalk,1
pl?tragedy,1
pl?ulises,1
pl?tradegy,1
html5,1
pl?landsat,1
pl?hydralic,1
pl?%22association+of+space+explorers%22,1
pl?association+of+space+explorers,1
pl?techdoc,1
pl?tcdt,1
pl?visitors,1
pl?rss,1
pl?shuttle+cockpit,1
pl?shuttle+numbering,1
pl?shuttle+dimensions,1
pl?numbering+and+format,1
pl?numbering,1
pl?radar+cross+section,1
pl?0561,1
pl?astro+physics,1
pl?www+and+html,1
pl?astro-02,1
pl?bcwp,1
pl?obital+elements,1
pl?space+plane,1
pl?freedom,1
pl?shortwave+frequency,1
pl?nikon,1
pl?space+port+usa,1
pl?sts-71%20overflight%20schedule,1
pl?overflight%20schedule,1
html#stsover-pad,1
html#sts-eps,1
html#sts-mps-helium,1
pl?shuttle+launch+program,1
pl?japan,1
pl?shuttle+and+reference,1
pl?pocc,1
pl?challenger+crew+members,1
pl?astronaut+factbook,1
pl?sun,1
pl?pad+delay,1
pl?sts+and+mission,1
pl?shuttle+and+mission,1
pl?shuttle+and+missions,1
xs,1
pl?sts+and+history,1
pl?shuttle+and+history,1
pl?sts+and+payloads,1
pl?sts+and+highlights,1
pl?sts-48+patch,1
pl?mark+brown,1
pl?in-step,1
pl?sun+sparc,1
pl?observation%20time,1
pl?lawrence+allen+burkett,1
+burkett,1
pl?burkett,1
pl?clss,1
pl?breadboard,1
pl?tampa,1
pl?chat,1
pl?2-line+orbital+data,1
pl?current+position,1
pl?locate+shuttle,1
htmls,1
pl?jetpack,1
pl?interconnection+ground+subnetwork,1
pl?where,1
pl?launch+schdule,1
pl?solar+energy,1
pl?41-d,1
pl?anik,1
pl?satellite+launch,1
pl?william+schneider,1
pl?jupiter+movies,1
pl?graham,1
pl?kenedy,1
pl?internship,1
pl?civilains,1
pl?viewing+and+launch,1
pl?traj1,1
pl?solar+and+eclipse,1
pl?launch+and+calendar,1
pl?space+and+camp,1
pl?kom,1
pl?clanton,1
pl?projects,1
pl?lox+valve+leak,1
pl?sonic,1
pl?space+scope,1
pl?habbl,1
pl?habble,1
diller-1,1
pl?thomas+register,1
pl?winvn+pub+archive%5c,1
pl?helium,1
pl?thompson+registery,1
pl?bruce+buckingham,1
pl?thompson,1
pl?sts71+ground+view,1
pl?sts71+naked+eye+sts71,1
pl?naked+eye+sts71,1
pl?naked+eye,1
pl?ground+view,1
pl?observe+shuttle+%26+mir,1
pl?mir+viewing,1
pl?orbit+info,1
pl?moon+landings,1
pl?undocking,1
pl?cuseeeme,1
pl?hbt,1
pl?insignia,1
pl?national+weather+service,1
pl?nws,1
pl?mir-image,1
pl?platon,1
pl?lunar+and+computer,1
pl?apallo+13,1
pl?huricane,1
pl?sts-69+photos,1
pl?command+module+and+computer,1
pl?uvx,1
pl?earth+%2bpictures,1
pl?chang,1
pl?hurricane+erin,1
pl?satellite+weather,1
pl?cosmonauts,1
pl?sheila+perry,1
pl?september,1
pl?orbiting+speed+satillites,1
pl?shuttle+takeoff,1
pl?reentry,1
pl?hypersonic+communication,1
pl?hypersonics,1
pl?images+apollo,1
pl?mpegplay,1
pl?hydroponics,1
pl?operational+costs+space+station+,1
pl?ground+and+crew,1
dec,1
pl?ireland,1
pl?challenger+landing+gif,1
pl?challenger+landing,1
html-old,1
pl?colman,1
pl?krell,1
pl?virtual+reality,1
pl?contracts,1
pl?shuttle+refferance,1
pl?berkeley,1
pl?euv+astrophysics,1
pl?mathews,1
pl?deon+williams,1
pl?apollo+history,1
pl?k+c+mathews,1
pl?project+apollo,1
pl?priroda,1
pl?hypersonic,1
pl?kc+mathews,1
pl?koms,1
pl?kc+mathew,1
pl?hypersonic+and+communication,1
pl?hypersonic+and+communicaton,1
pl?phonebook,1
pl?satelite%20photos,1
heml,1
pl?museum,1
pl?decommutator,1
pl?pcm,1
gpg,1
pl?gallileo,1
pl?mission+status,1
pl?galileo+home+page,1
pl?galileo+mission,1
pl?space+shuttle+and+launch,1
pl?satelite+maps,1
pl?microgravity+history,1
pl?procurement+and+pentium,1
pl?paca,1
pl?solid+rocket+motor,1
pl?mir+sightings,1
pl?frequency+of+ground+to+air+radio+communications,1
pl?sattelite+tracking,1
pl?sattrack,1
pl?shuttle+with+teacher,1
pl?discovery+shuttle,1
pl?ecological,1
pl?tracking+and+station,1
pl?smg,1
pl?composition+of+tiles,1
pl?shuttle+and+launch+and+plan,1
pl?first+animal+in+space,1
pl?human%20factors,1
pl?pcfls,1
pl?pcf,1
pl?jackson,1
pl?spacesuit,1
pl?sps,1
pl?chicago+and+visual,1
pl?ceramic,1
pl?presskits,1
pl?audio+live,1
pl?mass+driver,1
pl?ids,1
pl?kalman+and+navigation,1
pg,1
pl?experiments+at+sts-75,1
pl?remote+sensing+standards,1
pl?director+ksc,1
pl?mccartney,1
pl?forrest+mccartney,1
pl?mortin+,1
pl?solid+rocket+,1
pl?thi,1
pl?environment,1
pl?v2,1
pl?milstar,1
pl?ksc-sta,1
pl?space+and+shuttle+and+diagrams,1
pl?fire+protection,1
pl?appolo+12,1
pl?space+photography,1
htmo,1
pl?suit,1
pl?mars-mpeg,1
pl?mars+and+mpeg,1
pl?extra+vehicular+mobility+unit,1
pl?hm-wio,1
hm,1
pl?saca,1
pl?svop,1
pl?orbitor+,1
pl?orbitor+status,1
pl?precourt,1
pl?real+and+time,1
pl?nasa+sharp%2fplus,1
pl?sharp+plus,1
pl?mpeg+viewr,1
pl?spektr,1
pl?%22mobile+air+traffic%22,1
pl?ecological+life+sup,1
pl?gbx,1
pl?morton+,1
pl?launchschedule,1
pl?space+picture,1
pl?harbor+picture,1
pl?harbor,1
pl?gerald+turner,1
pl?hurricane%20info,1
pl?weather%20maps,1
pl?schedule+launch,1
pl?lauch+schedule+1995,1
pl?lauches+1995,1
pl?next+lauch,1
pl?interns+and+co-op+programs,1
pl?cu,1
html#srb_mod_factory_joint,1
pl?tourism,1
pl?xes+incorporated,1
pl?gagarin,1
pl?foture+shuttle+launches,1
pl?apollo204,1
pl?carter,1
const,1
pl?store,1
pl?souvenir,1
pl?delta+and+launch+and+august,1
pl?delta+and+launch,1
pl?employment+oppertunities,1
pl?christine+mc+christine+mac,1
pl?mcauliff+macauliff,1
pl?enployment,1
pl?jpl,1
pl?photo+archive,1
pl?orbital+debris,1
pl?launch%20dates,1
pl?launch%20dates%5d,1
pl?flight+trajictry,1
pl?apllo+13,1
pl?apllo13,1
pl?middeck,1
pl?communi,1
pl?mars+and+life,1
pl?eevt,1
pl?sts-71+photos,1
pl?apollo+204+review,1
pl?titan+and+martin,1
pl?university,1
pl?univesit,1
pl?physics,1
pl?ether,1
pl?sts71+mission+patch+image,1
pl?grandstand+pass,1
pl?attending+a+launch,1
pl?sts71+and+patch,1
pl?sattellite,1
pl?mier,1
pl?ellen+baker,1
pl?program+and+spoczip,1
pl?spoc,1
pl?eclss+and+mercury,1
pl?sliwa,1
pl?white+and+room,1
pl?close-out,1
pl?skylab+and+dimensions,1
pl?larosse,1
pl?picture+launch,1
pl?airspace,1
pl?ksc+library,1
pl?crawker,1
pl?tv-msd,1
pl?korea+and+satellite,1
pl?shuttle+dates,1
pl?evolution+launchers,1
pl?see+and+launch,1
pl?firewall,1
pl?challenger+1984,1
+paul+scully-power,1
pl?changelleng,1
pl?alabama,1
toc,1
pl?shuttle+manual,1
pl?apollo+7,1
pl?launch+image,1
pl?shuttle+launch+image,1
pl?aquarius,1
pl?skylab+dimensions,1
pl?bohland,1
pl?adelaide,1
pl?controlcenter,1
"map?84,220",1
"map?188,280",1
"map?321,279",1
pl?range+saftey,1
pl?car+passes,1
pl?vechile+status,1
pl?montalvo,1
pl?p,1
pl?server+and+log,1
pl?diaposable,1
pl?astronaut+assignment,1
pl?busines,1
pl?human+resorce,1
pl?ato,1
pl?isac,1
pl?job+oportunities,1
pl?personnel+employment,1
pl?perb,1
pl?urine+collection+,1
pl?tims,1
pl?ir,1
pl?delta+schedule,1
pl?delta+launch,1
pl?apollo+drawings,1
pl?sts-31,1
pl?materials+development,1
pl?materials,1
pl?pictures+of+jupiter%27s+outer+satellites,1
pl?frc,1
pl?srb+nozzle+joint,1
pl?mps%2fssme,1
pl?o-ring+problem,1
pl?o-ring+and+sts-69,1
pl?souvenier,1
pl?satellite+images,1
"map?199,286",1
pl?space+probe,1
pl?weightlessness,1
pl?stl-01,1
pl?ablative,1
pl?ablat,1
pl?ccms+and+safing+and+%28hardware+or+panel%29,1
pl?shuttle+and+questions,1
pl?today%27s+and+landing,1
pl?spider+and+web+and+shuttle+and+payload,1
pl?helms,1
pl?spider+web+shuttle+payload,1
pl?space+image,1
pl?bean,1
pl?ldb,1
pl?hardwire,1
pl?console,1
pl?remote+manipulator+system,1
pl?eileen+collins,1
pl?hubblw,1
html%23srb,1
pl?materials+and+development,1
pl?banks,1
pl?pgu,1
pl?cbde,1
pl?cabin+and+atmosphere+chemical,1
pl?oms+engine,1
pl?cabin+and+atmosphere,1
pl?bryan+oconnor,1
pl?%252a%252ejpg,1
pl?gravity,1
pl?nasa+publication+14-307-1792,1
pl?per,1
pl?metior,1
pl?neeley,1
pl?composite,1
pl?winvn+cancel+articles,1
pl?ldb+and+safing+and+%28hardware+or+panel%29,1
pl?kennedy+space+center+fact+sheet,1
pl?atlantis+and+mir,1
pl?november+december,1
pl?shortwave+frequencies,1
pl?space+shuttle+radio+frequencies,1
pl?nsts+and+reference,1
pl?sts+71+orbit,1
pl?news+and+reference,1
pl?nsts+and+operation,1
pl?fact+sheet,1
pl?photos+of+space,1
pl?david+metcalf,1
pl?metcalf%2c+david,1
pl?lsst,1
pl?look+up,1
pl?hurrican+flexis,1
pl?sts+62,1
pl?luanch%20schedule,1
pl?procurem,1
pl?block+1,1
pl?shuttle%20launch%20dates,1
pl?apu+hydrazine,1
pl?challenger+gifs,1
pl?dcs,1
pl?business+plan,1
pl?souvenirs,1
pl%3fusmp,1
pl?laura+bales,1
pl?laura+and+bales,1
pl?sawd,1
pl?solid+amine,1
pl?carbon+dioxide,1
pl?next+fight,1
pl?fee,1
pl?visitorsguide,1
"pl?july%2020,%201995",1
pl?norfolk,1
pl?fonts,1
pl?mir+and+schedule,1
pl?current+and+shuttle+and+mission,1
pl?touristinformation,1
pl?areamap,1
pl?sightseeing,1
pl?hydrazine,1
pl?software+winvn,1
pl?employment+information,1
pl?eo,1
pl?mmu+and+gif,1
pl?newsroom,1
pl?apollo%2c+launch+,1
pl?apollo%2c+launch+and+lightening,1
pl?apollo+and+storms,1
pl?thunderstorms,1
pl?workforce+reduction,1
pl?headcount,1
pl?civil+service+workforce,1
pl?rif+plan,1
pl?reduction,1
pl?x-sar,1
pl?exchange,1
html#sts-dps,1
pl?zone+51,1
pl?ronald+mcnair,1
pl?astronauts+biographies,1
pl?black+hole,1
pl?menem,1
pl?favaloro,1
pl?srm,1
pl?image+picture,1
pl?rocc,1
pl?mars+temperatures,1
pl?video+and+news,1
pl?opm+and+jobs,1
pl?budget,1
pl?toothpaste,1
pl?opm+jobs,1
pl?job+info+line,1
pl?job+info,1
pl?opm+job+info+line,1
pl?opm,1
pl?oms+,1
pl?current+,1
pl?live+,1
pl?live+mission,1
pl?moon+landing,1
pl?shuttle+and+launch+and+dates,1
pl?far+infrared,1
pl?*,1
pl?asrex,1
pl?experimental+planes,1
pl?experimental,1
pl?runco+and+mario,1
pl?galaxy+,1
pl?galaxy+ir,1
pl?shuttle+and+technical+information,1
pl?voyayer,1
pl?dates+for+future+shuttle+launches,1
pl?august+1995+launch+schedule,1
pl?august+launch+schedule,1
pl?vectors,1
pl?space%20shutt;e,1
pl?orbitor,1
pl?sager,1
pl?biomass+production,1
pl?biomedical+operations,1
pl?hugh+harris,1
pl?liftoffs,1
pl?last+mission,1
pl?oct+1995,1
pl?challenger+communications,1
pl?nasa%20television,1
pl?wake%20shield,1
pl?fsts,1
pl?atlas-3,1
pl?astronaut+sound+files,1
pl?runco,1
pl?sts+71+elements,1
pl?trento+and+roland,1
pl?space+shuttle+challenger,1
pl?presidents+commision,1
pl?alex+roland,1
pl?astronaut+voice,1
pl?sound+file,1
pl?macintosh,1
pl?macintopsh,1
pl?mac+and+software,1
pl?mac+and+tracker,1
pl?tracker,1
pl?viewing+the+launch+in+person,1
pl?shultz%2cdaniel,1
pl?locater,1
pl?deefd,1
pl?asbestos,1
pl?payload+configuration+and+drawing,1
pl?purchase,1
pl?shopping,1
pl?sts-70+and+payload+configuration,1
pl?deal,1
pl?payload+configuration,1
pl?ksc+7-25-95,1
pl?kcs+7-25-95,1
pl?%7fpayload,1
pl?sl-j,1
pl?matisak,1
htmlgeneral,1
pl?launch+and+tickets,1
pl?shuttle+launch+viewing,1
pl?orings,1
pl?krantz,1
pl?telemetry,1
pl?ground+vibration+test+vehicle,1
pl?space+shuttle+,1
pl?howard,1
pl?litherland,1
pl?communications+and+geosynchronous,1
pl?geosynchronous,1
pl?bigmt,1
win,1
pl?shuttle+and+explosion,1
pl?death,1
pl?launch+and+august,1
pl?shuttles+and+names,1
pl?wet,1
pl?nasa+telavision,1
pl?discovery+picture,1
pl?discovery+jpg,1
pl?shuttle+home+page,1
pl?phill@,1
pl?paul+sean+hill,1
pl?paul+hill,1
pl?challenger%20disaster,1
pl?dcheng,1
pl?donald+cheng,1
pl?cheng,1
pl?mars+pictures,1
pl?mars+voyagour,1
pl?mpeg+movie+viewer,1
pl?current+and+weather,1
pl?current+weather,1
pl?current+condition,1
elements,1
pl?shullte,1
pl?bobko,1
pl?747,1
pl?mission+to+planet+earth,1
pl?software+and+winvn,1
pl?space+shuttle+pictures,1
pl?admission+launch,1
pl?seti,1
pl?wvnews,1
pl?wv+news,1
pl?launch+and+august+and+1995,1
pl?meteorology,1
pl?visitor+pass,1
pl?triumph+or+turkey,1
pl?joseph+trento,1
pl?jsc+shuttle,1
pl?jsc,1
pl?l-cubed,1
pl?nasa+select+tv,1
pl?marketing,1
pl?public+relations,1
pl?explosion+and+died,1
pl?explosion+and+discovery,1
pl?explode+and+discovery,1
pl?mission+patches,1
05,1
pl?press+box,1
pl?nsts+2100,1
pl?nsts,1
pl?nstz,1
6?,1
pl?dicoverey,1
pl?reduction+in+force,1
pl?ruduction+in+force,1
html%23t-01m00s,1
pl?nagy%2c+mike,1
pl?nikon+cameras,1
pl?space+shuttle+photos,1
pl?gene+kranz,1
pl?sail,1
pl?shuttle-patches,1
pl?comm,1
pl?ksc+and+weather,1
pl?msd,1
pl?tos,1
pl?onizuka,1
pl?apollo%2013,1
pl?event+schedule,1
pl?photo%60s,1
pl?atlantis+missions,1
pl?mart,1
pl?cleave,1
pl?lounge,1
pl?brandenstein,1
pl?leestma,1
pl?environmental,1
pl?pluto,1
pl?phone+directory,1
pl?nsts+21000,1
pl?graphic+design,1
pl?conference+rooms,1
pl?manafiest,1
pl?flight+assignment,1
pl?shuttle+time+schedule,1
pl?upcoming+space+shuttle+launches,1
pl?orbiter,1
pl?paint,1
pl?model,1
pl?plans,1
pl?anik-c2,1
pl?earth+pictures,1
pl?apollo+pictures,1
pl?calibration,1
pl?xte+launch,1
pl?technology+outreach,1
pl?rightler,1
pl?re,1
pl?future+missions,1
pl?kepl,1
pl?mir+and+imag,1
pl?pictur,1
pl?docking+and+imag,1
pl?io,1
pl?star,1
pl?reitler,1
pl?reictler,1
pl?unzip,1
pl?holly+bryan,1
pl?hollister,1
pl?himalayas,1
l,1
pl?launch+photo+water,1
html~,1
pl?extra-vehicular,1
pl?sts-56,1
pl?mistakes,1
pl?wwww,1
pl?can+do,1
pl?esc+contract,1
pl?employment+oppetunity,1
pl?ap101sl,1
pl?mitra,1
pl?winston+scott,1
pl?scott,1
pl?francois,1
pl?benchmarking,1
pl?reightler,1
pl?conferences,1
pl?conferenc,1
pl?beth+ann+cerrato,1
pl?orbiter+specifications,1
pl?configuration+and+management+and+rockwell,1
pl?configuration+and+management,1
pl?configuration,1
pl?spiders,1
pl?skylab+2,1
pl?o+ring,1
pl?lousma,1
pl?photo+zero+gravity+crystal+pharmacolgy+experiment,1
pl?structure,1
pl?photo+zero+gravity+experiments,1
pl?sts-51-l,1
pl?launch+water+night,1
pl?smirr,1
pl?shuttle+missions,1
pl?contract+specialists,1
pl?mpeg+and+viewer,1
pl?mpeg+or+mpg,1
pl?rock,1
htm=,1
pl?trackinh,1
pl?shuttle+challenger,1
pl?shuttle+and+glow,1
pl?locheed,1
pl?fire+shuttle,1
opf,1
pl?cerrato%2c+beth+ann,1
pl?cerrato,1
pl?beth+cerrato,1
pl?juno,1
pl?vanguard,1
pl?apollo+and+images,1
pl?transmit+frequencies,1
pl?frequencies,1
pl?lopez,1
pl?edguardo+lopez,1
pl?shuttle+patch,1
giff,1
pl?bora+bora,1
"gif?45,20",1
pl?hubbel+space+tesescope,1
pl?hubel+space+tesescope,1
pl?hubble+repair+mission,1
pl?telescope,1
pl?sewell,1
pl?next%20flight,1
pl?launch+1996,1
pl?dale,1
pl?israel,1
pl?rouse+and+hass+and+snell,1
pl?rouse,1
pl?plains,1
pl?third+and+earth+and+resources,1
pl?third+earth+resources,1
pl?erts+and+proceedings,1
pl?erts+and+symposium,1
pl?hold,1
pl?bumber+stickers,1
pl?ar,1
pl?public+mailing,1
pl?free,1
pl?congress,1
pl?october+launch,1
pl?mdss,1
pl?wood+tiles,1
pl?woodpeck,1
pl?wood,1
pl?calendar+of+launches,1
pl?meatball,1
pl?safety+and+training+and+spc+and+ksc+and+courses,1
pl?safety+and+training+and+spc+and+ksc,1
pl?safety+and+training+and+spc,1
pl?safety+and+training,1
pl?192+kbs,1
pl?pcmmu+sync,1
pl?pcmmu+spec,1
htmf,1
pl?ac-74,1
pl?wnvin,1
pl?%3f,1
pl?howard+levine,1
pl?launch+failures,1
pl?mariner+program,1
"map?44,150",1
pl?ssme+block1,1
pl?challenger+and+explosion,1
pl?lovell%2c+james,1
pl?weather%0d,1
pl?astroculture,1
pl?scrubber+co2,1
pl?scrubber,1
pl?sir-c,1
bugs,1
pl?scrubs,1
pl?concap,1
pl?endevor,1
pl?mc,1
pl?christine,1
pl?intensifier+and+shuttle,1
pl?keplerian+two-line+elements,1
pl?kiplarian+elements,1
pl?story%20musgrave,1
pl?great+lakes,1
pl?waste,1
pl?sts-39,1
pl?sts-41,1
pl?watch+omega+speedmaster,1
pl?watch+omega+speddmaster,1
pl?nasa+nad+calendar,1
pl?mars+topography,1
pl?chronology,1
pl?shuttle+flight+schedule,1
pl?shuttle+craft,1
pl?lackovich,1
pl?lackov,1
pl?barth,1
pl?tim+barth,1
pl?james+king,1
pl?sts+69+launch,1
pl?sts%a7%e7+launch,1
pl?ceta,1
pl?skc+visit+public,1
pl?voice+communication,1
pl?communication,1
pl?okkels,1
pl?florida,1
pl?satellite+computer,1
postings,1
ofinterest,1
pl?nude,1
pl?wireframe,1
"html?406,207",1
pl?spacewalk+and+photograph,1
pl?ersaf,1
pl?orbit+data,1
pl?df-fdd+homepage,1
pl?wnvn,1
pl?df-fdd,1
pl?hand-held+and+latitude,1
pl?large+format+camera,1
pl?hand-held,1
pl?next+flight,1
pl?+shuttle,1
pl?next+shuttle,1
pl?galileo+launch,1
pl?amsat,1
pl?shuttle+mir+,1
pl?shuttle+visibility,1
pl?mejorada,1
pl?helicopter,1
pl?wais,1
pl?gene+cranz,1
pl?genecranz,1
pl?new+and+jersey,1
pl?cu-cme,1
pl?rogers+commission,1
pl?shuttle%20launce%20dates,1
pl?securityprograms,1
pl?shepherd,1
pl?weather+radar+image,1
pl?weather+radar,1
pl?nwl,1
ibm-pc,1
pl?winvn32,1
html%3a,1
pl?marsphoto,1
pl?brazil,1
pl?carbon-carbon,1
pl?hubble+pics,1
pl?women+astronauts,1
pl?moon+and+image,1
pl?animation,1
pl?mis-1,1
pl?pad,1
pl?peg,1
pl?peg7,1
pl?rif,1
pl?equation,1
pl?lox,1
pl?polymer,1
pl?sts-46,1
pl?moon%2c+photographs,1
pl?nosl,1
pl?silicon+controlled+rectifier,1
pl?scr,1
images,1
pl?semiconductor,1
p,1
pl?computeraccesscodes,1
pl?vits,1
pl?single+contractor,1
pl?fote,1
pl?eg%26g+locator,1
home,1
pl?china+wall,1
pl?spacebel,1
pl?g-515,1
pl?cfie,1
pl?port,1
pl?help,1
pl?space+missions,1
pl?sky,1
pl?sts-69+and+launch,1
female,1
pl?burn+and+pad,1
pl?human,1
pl?columbia%20and%20background,1
pl?job+postings,1
pl?gosamr,1
pl?hubbel,1
pl?sharman,1
pl?first+briton,1
pl?vandenberg+and+lockheed+martin,1
pl?denver%2ccolorado,1
pl?denver,1
pl?plan+of+the+shuttle,1
pl?endeavor+status+report,1
pl?status+report,1
pl?semmel,1
pl?mir+and+orbit+and+times,1
pl?satellite+times,1
pl?mr2+and+ma5,1
pl?mr-2+and+ma-5,1
pl?cu_seeme,1
pl?challager,1
pl?goldin,1
pl?axaf,1
pl?61-95,1
pl?nasdadir,1
pl?ksc+field+mill+site,1
pl?workstation,1
pl?logo+lockheed,1
pl?pentium,1
pl?logo,1
pl?idmrd,1
gif>,1
pl?person,1
pl?gds,1
pl?c12h22o11,1
pl?californium,1
pl?space%2fshuttle,1
pl?%22viking+lander%22,1
pl?deaths,1
pl?fun,1
pl?star+trek,1
pl?apollo+17,1
pl?apolloooo,1
pl?intel,1
pl?bill+gregory,1
pl?track+and+software,1
pl?darren+and+carroll,1
pl?sop9517,1
pl?ham,1
pl?lightning+and+space,1
pl?lightning+and+storm,1
pl?lightning+and+pictures,1
pl?lightning+and+picture,1
pl?world+map,1
pl?earth+photos,1
pl?earthshot,1
pl?usml-1,1
pl?desert,1
"gif""""",1
pl?lsle,1
pl?glove+and+box,1
pl?vxworks,1
pl?greg+meeks,1
pl?meeks,1
pl?glove+box,1
pl?algermissen,1
pl?t07648,1
pl?ksc%20directory,1
pl?john%20algermissen,1
pl?moonrise,1
pl?titan+centaur,1
pl?cowles,1
llv,1
pl?people+locator,1
pl?base+locator,1
pl?lackey,1
pl?i-net,1
pl?warren+lackey,1
pl?nasa+history+data+book,1
pl?nasa+history+book,1
pl?lightning+and+plume,1
pl?file,1
pl?shuttle+data+stream,1
pl?pcgoal,1
pl?software+code,1
pl?helicopter+and+maintenance,1
pl?lightsail,1
pl?atlantis%20and%20tracking%20and%20station%20and%20display,1
pl?citizens+and+space,1
pl?tracking%20space%20shuttle%20atlantis,1
pl?map%20tracking%20station%20display,1
pl?tracking%20station%20display%20kennedy%20space%20center,1
pl?tracking%20station%20display,1
pl?armnstrong,1
pl?led%20and%20plant,1
pl?shuttle+pictures,1
pl?shuttle+oictures,1
pl?westar-6,1
pl?conus,1
pl?nexrad,1
pl?walker,1
pl?jcsat,1
pl?mission+specialist+3,1
pl?win3,1
pl?sts46+images,1
pl?space+shuttle+history,1
pl?lillilee,1
pl?lililee,1
pl?lililee+johnson,1
+28%2c1986+flight+recorder,1
pl?challenger+flight+recorder,1
pl?challenger+recorder,1
pl?flight+recorder,1
pl?cady+coleman,1
pl?coleman,1
pl?visits,1
pl?armstrong%2cniel,1
pl?adresses,1
pl?keplerian%20elements,1
pl?alternate+landing,1
pl?ldar,1
pl?payload+commander,1
pl?meds,1
pl?getaway,1
pl?image+and+trinidad,1
pl?servicing+and+aid+and+tool+and+1999,1
pl?hubble+and+1999,1
pl?shuttle+and+1999,1
pl?poland,1
pl?tim+terry,1
pl?terry,1
pl?tterry,1
pl?orbit+and+view,1
pl?atlantis+orbital+elements,1
pl?apollo+ii,1
pl?+immages,1
pl?+photos,1
pl?discovery+photos,1
pl?orbital+elements+sts71,1
pl?wincode,1
pl?new+command+center,1
pl?haise,1
pl?motion+sickness,1
pl?astronaut+and+mission,1
pl?mission+specialist,1
pl?%22lancaster%2c+ca%22,1
pl?lancaster%2c+ca,1
pl?lancaster,1
pl?dryden,1
pl?consumable+and+loading+and+sts-69,1
pl?consumable+and+loading,1
pl?loading,1
pl?consumables,1
pl?contamination,1
pl?cryogenics,1
pl?access%2bconstruction,1
pl?access,1
pl?construction,1
html#sts-tile-id,1
pl?mir+,1
pl?challenger+transcripts,1
pl?shuttle+mission,1
pl?travel,1
pl?sts-69+landing,1
pl?ksc+and+library,1
pl?lodging,1
pl?discovrey%27s+pithers,1
pl?discovrey%27s+launch,1
pl?discovrey,1
pl?picture+earth,1
pl?research+biomedical,1
pl?mir+and+layout,1
pl?shuttle%20launch%20,1
pl?airplane,1
pl?aphape,1
pl?world+pictures,1
pl?palmdale,1
pl?attending+shuttle+launches,1
pl?puerto+rico,1
log,1
pl?october,1
pl?oct,1
pl?95,1
pl?educational+software,1
pl?candidates+and+application+and+astronaut,1
pl?orbit+element,1
pl?candidates,1
pl?application,1
pl?raley,1
pl?shuttle+communications+by+amateur+radio,1
pl?minority+university,1
pl?equal+opportunity,1
pl?see+you,1
pl?mccullough,1
nl,1
pl?images+and+edwards,1
projects,1
pl?www,1
pl?sn-2038,1
pl?block+and+engine,1
pl?landing+sight,1
pl?weather+report,1
pl?explosions,1
pl?pig,1
pl?pec,1
pl?guy+gardner,1
pl?guy+and+gardner,1
pl?contractor+list,1
pl?viewing+launches,1
pl?underdog,1
pl?cujo,1
pl?apollo%2013%20transcript,1
pl?hst%20pictures,1
pl?hubble%20space%20telescope%20images,1
pl?hubble%20space%20telescope,1
pl?challenger+or+51l,1
pl?arachnid,1
pl?spider,1
pl?sts-76+and+eva,1
pl?imaging,1
pl?red+and+dog,1
pl?red+dog,1
pl?share-ii,1
pl?moms,1
pl?krista,1
pl?grumm,1
pl?spie,1
pl?maintainance,1
pl?navigation,1
pl?inertial,1
pl?sspf,1
pl?orbiter+length+feet,1
pl?orbiter+length,1
pl?sunrise,1
pl?lang,1
hmt,1
pl?nasa+amd+email,1
pl?future+and+shuttle,1
pl?wake+shield,1
pl?artifact,1
pl?neural+lab,1
pl?challenger+tapes+ibm+tucson,1
xbm?nasa_c&count=0,1
pl?date+of+launch,1
pl?shuttle+orbit,1
pl?attractions,1
pl?apollo+mpeg,1
pl?march+1996,1
pl?telnet,1
pl?2+meter+radio,1
pl?press+kit,1
pl?kregel,1
pl?hosc,1
pl?mercurio+planet,1
pl?hantavirus,1
pl?austin%2c+barbara,1
pl?austin,1
pl?vab+and+visit,1
pl?kathy,1
pl?immune-01,1
pl?future+nasa+shuttle,1
pl?nas+mission+specialist+1995,1
pl?next+nasa+shuttle,1
pl?video+viewer,1
pl?images+from+mars,1
pl?51l-25,1
pl?ufos,1
pl?sattelites,1
pl?astro,1
pl?baja+california,1
pl?engines,1
pl?aurora%20borealis,1
pl?aurora,1
pl?voiding,1
pl?sts69+launch+date,1
pl?employee+directory,1
pl?employee+listings,1
pl?mercury+1,1
pl?september+launch,1
hlml,1
pl?solid+fuel+boosters,1
pl?shuttle+and+sound,1
pl?shuttle+and+mpeg,1
pl?winvn930,1
pl?spacesuits,1
pl?news+reader,1
pl?facility+maintenance,1
pl?johnson+controls,1
pl?launch+base+support,1
pl?chall,1
pl?main+engine,1
pl?drag+chute,1
pl?hunter+mike,1
pl?hunter,1
pl?ragusa,1
pl?delay+and+probability,1
pl?cuseem,1
pl?sts+72,1
pl?binhex,1
pl?wilcutt,1
pl?phone+number+,1
pl?opening+hours,1
pl?saturn%2crocket,1
pl?turbo+pump,1
pl?urinate,1
pl?time+in+space,1
pl?shuttle+reference+manual,1
pl?shuttle+ref+man,1
pl?stsref,1
pl?small+business,1
winsock,1
pl?atlas+launch+dates+in+august%2c+1995,1
pl?atlas+launch+dates,1
pl?halleyscomet,1
org,1
pl?virtual+and+reality,1
pl?elements+and+orbit,1
pl?space+station+freedom,1
pl?ssf,1
pl?vab+images,1
pl?vab+photos,1
pl?launch+status,1
pl?launch+data,1
pl?srb+and+failure,1
pl?sts-51l+and+accident,1
pl?sts-51l+accident,1
pl?mission+scedule,1
pl?timetable,1
pl?blind,1
pl?moon+,1
pl?1995,1
pl?futaba,1
pl?norm+thagard,1
pl?record+holders+for+time+spent+in+space+female,1
pl?record+holders+for+time+spent+in+space+male,1
pl?record+holders+for+time+spent+in+space,1
pl?record+holders,1
pl?ldce,1
lucas-1,1
lucas,1
pl?mission+shuttle+intercourse,1
pl?mila,1
pl?visitor+launch,1
pl?telephone,1
pl?crew+purdue,1
pl?artificial,1
pl?iml,1
pl?npdms,1
pl?shuttle+physical+characteristics,1
pl?sts-45,1
pl?slp50,1
pl?tes2,1
pl?usml,1
pl?space+suit+mercury,1
pl?mercury+silver,1
pl?radarsat,1
pl?procurement+and+rfo,1
pl?goddard+space+flight+center,1
pl?june,1
pl?andy+thomas,1
pl?orbit+path,1
pl?passes+over+perth+australia,1
pl?employment+careers+hire,1
pl?orbit+sts-71,1
pl?lockheed+and+contract,1
pl?launch+schedule+1995,1
pl?contract+and+hardware,1
pl?contract,1
pl?96+schedule,1
pl?mercury+and+iodide,1
pl?kaldis,1
pl?crew+and+biographies,1
pl?shuttle+crews,1
pl?sts+67+photos,1
pl?watch+a+liftoff,1
pl?location,1
pl?depression,1
pl?traking,1
pl?instruments,1
pl?mercury+silver+material+for+space+suit,1
pl?material+used,1
pl?clothing+space+suit,1
pl?29+august+95+,1
pl?29+august+95atlas+,1
pl?atlas+manifest,1
pl?disaster+and+challenger,1
pl?1995+launches,1
pl?planned+launches,1
pl?careers,1
pl?wnet,1
pl?ear,1
pl?blast+sound,1
pl?shuttle+and+earth+and+jpg,1
pl?launches+september+1995,1
pl?sally+and+ride,1
dir,1
pl?boyscout+flag+abord+the+shuttle+endeavour,1
pl?bosscout+flag+abord+the+shuttle+endeavour,1
pl?momentos+abord+the+shuttle+endeavour,1
html#t-06h00m,1
pl?mariner,1
pl?planetary+studies,1
pl?planertary+srudies,1
pl?alpha+centuri,1
pl?german+and+mission+and+status,1
pl?german,1
pl?ksc+maps,1
pl?sts51l,1
pl?ecl,1
pl?launch+photos+endevor,1
pl?endevor+photos,1
pl?gibson+astro,1
pl?ed+gibson,1
pl?speed,1
pl?kmh,1
pl?gif+images,1
pl?jet+propulsion,1
pl?syncom%20iv-5,1
intro,1
pl?nasa_tv,1
pl?dyna-soar,1
pl?apollo+14,1
pl?imax+views,1
pl?gifs,1
html#sts-ksc-opf,1
html#stsover-processing,1
pl?subscribe,1
pl?sleep,1
pl?stem+and+cell,1
pl?stem+cell,1
pl?nmri,1
pl?centauri,1
pl?centuri,1
pl?flight+recordings,1
pl?reorganization,1
pl?united+space+alliance,1
htm%20l,1
pl?cusseeme,1
pl?video%20images,1
pl?nasasl,1
01&terse=off,1
pl?steve+tilson,1
pl?deuble,1
pl?fuel+cell+activ+t-,1
pl?fuel+cell+activ,1
pl?count+down+time,1
pl?paa20969,1
pl?culbersa,1
pl?wv16,1
pl?1996,1
pl?flight+vectors,1
pl?norad+number,1
pl?trajectory%20shaping,1
pl?launch%20trajectory,1
pl?space+space,1
pl?jose++garcia,1
pl?apollo+and+11,1
pl?apollo+and+image,1
pl?lamp+failure,1
pl?lamp,1
pl?jose+garcia+letter,1
pl?jose+garcia,1
pl?light,1
pl?luminaire,1
pl?letters,1
pl?orbiting,1
pl?challanger+transcripts,1
pl?tracking+shuttle,1
pl?sally,1
pl?auction,1
pl?kc-135,1
pl?mercury+and+photo,1
pl?co2,1
pl?material+,1
pl?mars+spacecraft,1
pl?december+1995,1
pl?flight%20plans,1
pl?women+soviet,1
pl?women,1
pl?shuttle+summary,1
pl?earth+picture+globe,1
